code_module,code_presentation,id_student,id_site,date,sum_click
CCC,2013J,100415,5000,127,6
CCC,2013J,100415,5000,46,6
CCC,2013J,100415,5000,11,14
CCC,2013J,100415,5000,100,8
CCC,2013J,100415,5000,187,10
CCC,2013J,100415,5000,84,9
CCC,2013J,100415,5000,92,2
CCC,2013J,100415,5000,237,9
CCC,2013J,100415,5000,236,5
CCC,2013J,100415,5000,111,8
CCC,2013J,100415,5000,10,5
CCC,2013J,100415,5000,163,7
CCC,2013J,100415,5000,171,6
CCC,2013J,100415,5000,219,4
CCC,2013J,100415,5000,227,7
CCC,2013J,100415,5000,150,11
CCC,2013J,100415,5000,25,6
CCC,2013J,100415,5000,59,6
CCC,2013J,100415,5000,172,3
CCC,2013J,100415,5000,145,10
BBB,2013J,100620,5001,176,6
BBB,2013J,100620,5001,171,6
BBB,2013J,100620,5001,194,4
BBB,2013J,100620,5001,211,5
BBB,2013J,100620,5001,210,3
BBB,2013J,100620,5001,40,7
BBB,2013J,100620,5001,40,7
BBB,2013J,100620,5001,49,5
BBB,2013J,100620,5001,150,5
BBB,2013J,100620,5001,139,7
BBB,2013J,100620,5001,205,6
BBB,2013J,100620,5001,202,6
BBB,2013J,100620,5001,195,4
BBB,2013J,100620,5001,18,4
BBB,2013J,100620,5001,166,7
BBB,2013J,100620,5001,204,6
BBB,2013J,100620,5001,235,4
BBB,2013J,100620,5001,82,8
BBB,2013J,100620,5001,186,4
CCC,2014J,100726,5002,97,10
CCC,2014J,100726,5002,201,5
CCC,2014J,100726,5002,191,9
CCC,2014J,100726,5002,49,3
CCC,2014J,100726,5002,43,8
CCC,2014J,100726,5002,129,5
CCC,2014J,100726,5002,156,2
CCC,2014J,100726,5002,174,8
CCC,2014J,100726,5002,75,8
CCC,2014J,100726,5002,115,4
BBB,2014J,100658,5003,25,2
BBB,2014J,100658,5003,157,2
BBB,2014J,100658,5003,175,4
BBB,2014J,100658,5003,211,3
BBB,2014J,100658,5003,140,3
BBB,2014J,100658,5003,70,3
BBB,2014J,100658,5003,48,4
BBB,2014J,100658,5003,85,6
BBB,2014J,100658,5003,13,5
BBB,2014J,100658,5003,167,4
BBB,2014J,100658,5003,88,5
CCC,2014J,100713,5004,48,2
CCC,2014J,100713,5004,58,1
CCC,2014J,100713,5004,213,7
CCC,2014J,100713,5004,83,7
CCC,2014J,100713,5004,96,4
CCC,2014J,100189,5005,1,4
CCC,2014J,100189,5005,1,2
CCC,2014J,100189,5005,187,7
CCC,2014J,100189,5005,177,5
CCC,2014J,100189,5005,198,5
CCC,2014J,100189,5005,33,3
CCC,2014J,100189,5005,14,5
AAA,2013J,100823,5006,121,8
AAA,2013J,100823,5006,25,6
AAA,2013J,100823,5006,118,3
AAA,2013J,100823,5006,200,4
AAA,2013J,100823,5006,141,3
AAA,2013J,100823,5006,130,6
AAA,2013J,100729,5007,108,7
AAA,2013J,100729,5007,105,7
AAA,2013J,100729,5007,114,5
AAA,2013J,100729,5007,212,9
AAA,2013J,100729,5007,168,2
AAA,2013J,100729,5007,8,11
AAA,2013J,100729,5007,13,11
AAA,2013J,100729,5007,5,10
AAA,2013J,100729,5007,165,6
AAA,2013J,100729,5007,49,7
AAA,2013J,100729,5007,92,5
AAA,2013J,100729,5007,198,5
AAA,2013J,100729,5007,31,9
AAA,2013J,100729,5007,36,7
AAA,2013J,100729,5007,19,12
AAA,2013J,100729,5007,68,12
AAA,2013J,100729,5007,21,4
AAA,2013J,100729,5007,150,6
AAA,2013J,100729,5007,176,7
CCC,2014J,100872,5008,44,6
CCC,2014J,100872,5008,165,3
CCC,2014J,100872,5008,62,14
CCC,2014J,100872,5008,211,5
CCC,2014J,100872,5008,108,6
CCC,2014J,100872,5008,100,10
CCC,2014J,100872,5008,109,10
CCC,2014J,100872,5008,71,8
CCC,2014J,100872,5008,76,5
AAA,2014J,100812,5009,32,13
AAA,2014J,100812,5009,176,7
AAA,2014J,100812,5009,220,8
AAA,2014J,100812,5009,65,7
AAA,2014J,100812,5009,153,7
AAA,2014J,100812,5009,56,10
AAA,2014J,100812,5009,220,6
AAA,2014J,100812,5009,71,10
AAA,2014J,100812,5009,23,9
AAA,2014J,100812,5009,211,9
AAA,2014J,100812,5009,226,8
AAA,2014J,100812,5009,95,11
AAA,2014J,100812,5009,217,7
AAA,2014J,100812,5009,58,7
AAA,2014J,100812,5009,65,7
AAA,2014J,100812,5009,128,9
AAA,2014J,100812,5009,144,15
AAA,2014J,100812,5009,92,8
AAA,2014J,100812,5009,191,7
AAA,2014J,100812,5009,189,11
AAA,2014J,100812,5009,29,11
AAA,2014J,100812,5009,237,5
BBB,2013J,100268,5010,19,1
BBB,2013J,100268,5010,31,1
AAA,2013J,100459,5011,4,3
AAA,2013J,100459,5011,40,5
AAA,2013J,100459,5011,20,6
AAA,2013J,100459,5011,91,3
AAA,2013J,100459,5011,186,2
AAA,2013J,100459,5011,80,1
AAA,2013J,100459,5011,143,1
AAA,2014J,100103,5012,44,3
AAA,2014J,100103,5012,233,4
AAA,2014J,100103,5012,40,4
AAA,2014J,100103,5012,236,4
AAA,2014J,100103,5012,122,6
AAA,2014J,100103,5012,173,4
AAA,2014J,100103,5012,77,6
AAA,2014J,100103,5012,77,11
AAA,2014J,100103,5012,94,9
AAA,2014J,100103,5012,30,6
AAA,2014J,100103,5012,75,5
AAA,2014J,100103,5012,214,8
AAA,2014J,100103,5012,0,7
CCC,2013J,100664,5013,138,10
CCC,2013J,100664,5013,56,7
CCC,2013J,100664,5013,59,13
CCC,2013J,100664,5013,35,6
CCC,2013J,100664,5013,71,14
CCC,2013J,100664,5013,150,12
CCC,2013J,100664,5013,222,9
CCC,2013J,100664,5013,105,6
CCC,2013J,100664,5013,144,10
CCC,2013J,100664,5013,206,11
CCC,2013J,100664,5013,162,9
CCC,2013J,100664,5013,62,11
CCC,2013J,100664,5013,67,15
CCC,2013J,100664,5013,153,12
CCC,2013J,100664,5013,69,7
CCC,2013J,100664,5013,59,14
CCC,2013J,100664,5013,142,14
CCC,2013J,100664,5013,152,14
CCC,2013J,100664,5013,60,16
CCC,2013J,100664,5013,11,11
CCC,2013J,100664,5013,184,9
CCC,2013J,100664,5013,94,8
CCC,2013J,100664,5013,151,17
CCC,2013J,100664,5013,41,12
CCC,2013J,100664,5013,75,11
CCC,2013J,100664,5013,145,11
AAA,2013J,100705,5014,85,9
AAA,2013J,100705,5014,146,13
AAA,2013J,100705,5014,91,8
AAA,2013J,100705,5014,198,8
AAA,2013J,100705,5014,165,12
AAA,2013J,100705,5014,32,15
AAA,2013J,100705,5014,196,4
AAA,2013J,100705,5014,218,15
AAA,2013J,100705,5014,48,9
AAA,2013J,100705,5014,86,12
AAA,2013J,100705,5014,94,4
AAA,2013J,100705,5014,102,8
AAA,2013J,100107,5015,232,11
AAA,2013J,100107,5015,58,11
AAA,2013J,100107,5015,55,13
AAA,2013J,100107,5015,9,8
AAA,2013J,100107,5015,202,5
AAA,2013J,100107,5015,199,12
AAA,2013J,100107,5015,99,7
AAA,2013J,100107,5015,209,2
AAA,2013J,100107,5015,156,6
AAA,2013J,100107,5015,234,9
AAA,2013J,100107,5015,221,9
AAA,2013J,100107,5015,230,5
AAA,2013J,100107,5015,94,14
AAA,2013J,100107,5015,152,13
AAA,2013J,100107,5015,40,12
AAA,2013J,100107,5015,214,9
AAA,2013J,100107,5015,76,8
CCC,2013J,100835,5016,107,3
CCC,2013J,100835,5016,36,7
CCC,2013J,100835,5016,190,2
CCC,2013J,100835,5016,81,3
CCC,2013J,100835,5016,172,2
CCC,2013J,100835,5016,109,3
CCC,2013J,100835,5016,214,4
CCC,2014J,100082,5017,179,2
AAA,2014J,100051,5018,78,1
AAA,2014J,100051,5018,112,5
AAA,2014J,100051,5018,106,2
AAA,2014J,100051,5018,130,4
AAA,2014J,100051,5018,226,2
AAA,2014J,100051,5018,156,6
AAA,2014J,100051,5018,140,14
AAA,2014J,100051,5018,87,7
AAA,2014J,100051,5018,152,8
CCC,2014J,100312,5019,28,2
BBB,2013J,100632,5020,134,3
BBB,2013J,100632,5020,167,6
BBB,2013J,100632,5020,42,2
BBB,2013J,100632,5020,57,3
BBB,2013J,100632,5020,194,1
BBB,2013J,100632,5020,49,1
BBB,2013J,100632,5020,115,4
CCC,2013J,100800,5021,75,1
CCC,2013J,100800,5021,212,5
CCC,2013J,100800,5021,214,3
CCC,2013J,100800,5021,234,3
CCC,2013J,100800,5021,13,8
AAA,2014J,100659,5022,206,7
AAA,2014J,100659,5022,198,10
AAA,2014J,100659,5022,68,10
AAA,2014J,100659,5022,39,9
AAA,2014J,100659,5022,147,7
AAA,2014J,100659,5022,33,10
AAA,2014J,100659,5022,217,11
AAA,2014J,100659,5022,19,10
AAA,2014J,100659,5022,117,7
AAA,2014J,100659,5022,227,6
AAA,2014J,100659,5022,132,10
AAA,2014J,100659,5022,193,15
AAA,2014J,100659,5022,101,11
CCC,2013J,100411,5023,126,4
CCC,2013J,100411,5023,192,1
CCC,2013J,100411,5023,19,4
CCC,2013J,100411,5023,231,7
CCC,2014J,100256,5024,69,4
CCC,2014J,100256,5024,20,9
CCC,2014J,100256,5024,103,6
CCC,2014J,100256,5024,5,3
CCC,2014J,100256,5024,192,7
CCC,2014J,100256,5024,70,8
CCC,2014J,100256,5024,177,10
CCC,2014J,100256,5024,12,3
CCC,2014J,100256,5024,7,3
CCC,2014J,100256,5024,101,7
CCC,2014J,100256,5024,189,7
BBB,2013J,100294,5025,195,2
BBB,2013J,100294,5025,103,4
BBB,2013J,100294,5025,211,1
BBB,2013J,100294,5025,206,2
BBB,2013J,100294,5025,154,1
BBB,2013J,100294,5025,25,2
CCC,2014J,100333,5026,172,3
CCC,2014J,100333,5026,62,4
CCC,2014J,100333,5026,13,6
CCC,2014J,100333,5026,227,6
CCC,2014J,100333,5026,198,4
CCC,2014J,100333,5026,224,6
BBB,2014J,100475,5027,27,4
BBB,2014J,100475,5027,154,2
BBB,2014J,100475,5027,165,5
BBB,2014J,100475,5027,237,4
AAA,2013J,100523,5028,43,6
AAA,2013J,100523,5028,186,4
AAA,2013J,100523,5028,83,5
AAA,2013J,100523,5028,135,4
AAA,2013J,100523,5028,188,2
AAA,2013J,100523,5028,103,2
AAA,2013J,100523,5028,148,3
CCC,2014J,100888,5029,60,12
CCC,2014J,100888,5029,183,5
CCC,2014J,100888,5029,86,3
CCC,2014J,100888,5029,59,3
CCC,2014J,100888,5029,67,2
CCC,2014J,100888,5029,220,6
CCC,2014J,100888,5029,205,9
CCC,2014J,100888,5029,1,7
CCC,2014J,100888,5029,201,4
CCC,2014J,100888,5029,133,4
CCC,2014J,100888,5029,202,8
CCC,2014J,100888,5029,149,5
CCC,2014J,100888,5029,165,2
CCC,2014J,100888,5029,138,10
CCC,2014J,100888,5029,176,3
CCC,2014J,100888,5029,195,9
CCC,2014J,100888,5029,121,5
AAA,2014J,100025,5030,26,1
AAA,2014J,100025,5030,181,2
AAA,2014J,100025,5030,154,2
AAA,2014J,100025,5030,171,2
BBB,2014J,100135,5031,156,5
BBB,2014J,100135,5031,203,3
BBB,2014J,100135,5031,113,8
BBB,2014J,100135,5031,212,9
BBB,2014J,100135,5031,184,5
BBB,2014J,100135,5031,41,11
BBB,2014J,100135,5031,91,5
BBB,2014J,100135,5031,6,11
BBB,2014J,100135,5031,57,7
BBB,2014J,100135,5031,5,4
BBB,2014J,100135,5031,25,6
BBB,2014J,100135,5031,1,6
BBB,2014J,100135,5031,161,12
BBB,2014J,100135,5031,98,2
BBB,2014J,100135,5031,112,6
BBB,2014J,100135,5031,183,9
BBB,2013J,100291,5032,194,4
BBB,2013J,100291,5032,123,1
BBB,2013J,100291,5032,234,2
BBB,2013J,100291,5032,164,4
BBB,2013J,100291,5032,130,1
BBB,2013J,100291,5032,193,2
BBB,2013J,100291,5032,42,3
BBB,2014J,100696,5033,38,1
CCC,2013J,100258,5034,126,4
CCC,2013J,100258,5034,159,7
CCC,2013J,100258,5034,190,4
CCC,2013J,100258,5034,133,7
CCC,2013J,100258,5034,137,6
CCC,2013J,100258,5034,40,5
CCC,2013J,100258,5034,229,6
CCC,2013J,100258,5034,229,5
CCC,2013J,100258,5034,170,8
CCC,2013J,100258,5034,216,5
CCC,2013J,100258,5034,145,5
CCC,2013J,100258,5034,158,5
CCC,2013J,100258,5034,198,8
CCC,2014J,100165,5035,222,9
CCC,2014J,100165,5035,42,9
CCC,2014J,100165,5035,57,9
CCC,2014J,100165,5035,16,10
CCC,2014J,100165,5035,69,9
CCC,2014J,100165,5035,78,5
CCC,2014J,100165,5035,190,6
CCC,2014J,100165,5035,78,3
CCC,2014J,100165,5035,229,2
CCC,2014J,100165,5035,72,10
CCC,2014J,100165,5035,125,6
CCC,2014J,100165,5035,142,8
CCC,2014J,100165,5035,198,4
CCC,2014J,100165,5035,180,10
CCC,2014J,100165,5035,208,6
CCC,2014J,100165,5035,225,7
CCC,2014J,100165,5035,28,4
CCC,2014J,100165,5035,22,4
CCC,2014J,100165,5035,107,10
AAA,2014J,100487,5036,36,8
AAA,2014J,100487,5036,120,2
AAA,2014J,100487,5036,73,5
AAA,2014J,100487,5036,236,4
AAA,2014J,100487,5036,160,3
AAA,2014J,100487,5036,185,2
AAA,2014J,100487,5036,69,4
CCC,2014J,100810,5037,194,1
CCC,2014J,100810,5037,230,1
BBB,2014J,100730,5038,142,6
BBB,2014J,100730,5038,164,3
BBB,2014J,100730,5038,64,3
BBB,2014J,100730,5038,133,7
BBB,2014J,100730,5038,183,8
BBB,2014J,100730,5038,214,9
BBB,2014J,100730,5038,136,7
BBB,2014J,100730,5038,57,6
BBB,2014J,100730,5038,171,3
BBB,2014J,100730,5038,40,8
BBB,2014J,100730,5038,33,4
CCC,2014J,100553,5039,86,6
CCC,2014J,100553,5039,35,4
CCC,2014J,100553,5039,72,4
CCC,2014J,100553,5039,115,4
CCC,2014J,100553,5039,84,8
CCC,2014J,100553,5039,167,4
CCC,2014J,100553,5039,37,7
CCC,2014J,100553,5039,210,8
CCC,2014J,100553,5039,142,3
CCC,2014J,100553,5039,73,8
CCC,2014J,100553,5039,229,1
BBB,2013J,100011,5040,156,1
BBB,2013J,100011,5040,180,1
BBB,2014J,100747,5041,228,1
BBB,2013J,100668,5042,18,2
BBB,2013J,100668,5042,132,3
BBB,2013J,100668,5042,68,1
BBB,2013J,100668,5042,123,3
CCC,2014J,100155,5043,32,2
CCC,2014J,100155,5043,224,2
CCC,2014J,100155,5043,57,4
CCC,2014J,100155,5043,205,4
BBB,2013J,100551,5044,124,3
BBB,2013J,100551,5044,186,1
AAA,2014J,100210,5045,149,6
AAA,2014J,100210,5045,7,4
AAA,2014J,100210,5045,103,12
AAA,2014J,100210,5045,33,4
AAA,2014J,100210,5045,92,2
AAA,2014J,100210,5045,32,6
AAA,2014J,100210,5045,8,5
AAA,2014J,100210,5045,114,6
AAA,2014J,100210,5045,98,7
AAA,2014J,100210,5045,100,3
AAA,2014J,100210,5045,82,6
AAA,2014J,100210,5045,98,6
AAA,2014J,100210,5045,0,8
AAA,2014J,100210,5045,114,8
BBB,2013J,100581,5046,203,1
BBB,2013J,100581,5046,19,4
BBB,2013J,100581,5046,166,1
BBB,2013J,100581,5046,67,2
AAA,2014J,100297,5047,123,7
AAA,2014J,100297,5047,233,4
AAA,2014J,100297,5047,69,7
AAA,2014J,100297,5047,102,5
AAA,2014J,100297,5047,1,9
AAA,2014J,100297,5047,117,7
AAA,2014J,100297,5047,205,6
AAA,2014J,100297,5047,239,10
AAA,2014J,100297,5047,113,8
AAA,2014J,100297,5047,33,9
AAA,2014J,100297,5047,172,11
AAA,2014J,100297,5047,153,6
AAA,2014J,100297,5047,230,9
AAA,2014J,100297,5047,121,7
BBB,2013J,100082,5048,0,1
BBB,2013J,100082,5048,146,6
BBB,2013J,100082,5048,76,4
BBB,2013J,100082,5048,181,2
BBB,2013J,100082,5048,201,7
BBB,2013J,100082,5048,7,3
BBB,2013J,100082,5048,227,2
BBB,2013J,100082,5048,164,6
BBB,2013J,100082,5048,197,3
AAA,2013J,100682,5049,164,4
AAA,2013J,100682,5049,136,1
AAA,2013J,100682,5049,146,4
AAA,2013J,100682,5049,54,2
CCC,2013J,100170,5050,50,1
AAA,2014J,100879,5051,166,3
AAA,2014J,100879,5051,79,6
AAA,2014J,100879,5051,20,5
AAA,2014J,100879,5051,163,5
AAA,2014J,100879,5051,62,5
AAA,2014J,100879,5051,206,1
AAA,2014J,100879,5051,36,14
AAA,2014J,100879,5051,217,3
BBB,2013J,100105,5052,173,2
BBB,2013J,100105,5052,18,6
BBB,2013J,100105,5052,230,8
CCC,2013J,100546,5053,54,1
CCC,2013J,100546,5053,199,2
CCC,2013J,100546,5053,79,2
CCC,2013J,100546,5053,67,1
CCC,2013J,100546,5053,116,1
BBB,2013J,100242,5054,6,1
BBB,2013J,100242,5054,224,1
BBB,2013J,100242,5054,128,1
BBB,2013J,100242,5054,80,1
AAA,2014J,100508,5055,75,10
AAA,2014J,100508,5055,130,8
AAA,2014J,100508,5055,19,9
AAA,2014J,100508,5055,126,11
AAA,2014J,100508,5055,96,4
AAA,2014J,100508,5055,78,10
AAA,2014J,100508,5055,233,6
AAA,2014J,100508,5055,214,9
AAA,2014J,100508,5055,166,6
AAA,2014J,100508,5055,141,10
AAA,2014J,100508,5055,113,8
AAA,2014J,100508,5055,16,3
AAA,2014J,100508,5055,73,3
AAA,2014J,100508,5055,2,14
AAA,2014J,100508,5055,87,9
CCC,2014J,100402,5056,163,1
BBB,2014J,100597,5057,211,4
BBB,2014J,100597,5057,230,7
BBB,2014J,100597,5057,17,9
BBB,2014J,100597,5057,132,7
BBB,2014J,100597,5057,93,7
BBB,2014J,100597,5057,8,7
BBB,2014J,100597,5057,195,14
BBB,2014J,100597,5057,219,9
BBB,2014J,100597,5057,41,6
BBB,2014J,100597,5057,182,8
BBB,2014J,100597,5057,168,4
BBB,2014J,100597,5057,169,6
BBB,2014J,100597,5057,110,11
AAA,2014J,100451,5058,4,6
AAA,2014J,100451,5058,66,10
AAA,2014J,100451,5058,91,11
AAA,2014J,100451,5058,88,12
AAA,2014J,100451,5058,65,8
AAA,2014J,100451,5058,154,7
AAA,2014J,100451,5058,198,10
AAA,2014J,100451,5058,213,6
AAA,2014J,100451,5058,233,8
AAA,2014J,100451,5058,155,13
AAA,2014J,100451,5058,98,13
AAA,2014J,100451,5058,155,9
AAA,2014J,100451,5058,31,7
AAA,2014J,100451,5058,196,7
AAA,2014J,100451,5058,128,8
AAA,2014J,100451,5058,39,2
AAA,2014J,100660,5059,11,2
AAA,2014J,100660,5059,39,2
AAA,2014J,100660,5059,201,3
AAA,2014J,100660,5059,98,1
AAA,2014J,100107,5060,169,1
AAA,2014J,100107,5060,50,2
AAA,2014J,100107,5060,33,3
AAA,2014J,100107,5060,127,2
AAA,2014J,100107,5060,188,3
AAA,2014J,100107,5060,61,2
AAA,2014J,100133,5061,85,3
AAA,2014J,100133,5061,9,9
AAA,2014J,100133,5061,78,5
AAA,2014J,100133,5061,187,3
AAA,2014J,100133,5061,60,4
AAA,2014J,100133,5061,207,7
CCC,2013J,100109,5062,50,1
AAA,2013J,100385,5063,111,1
AAA,2013J,100385,5063,171,2
AAA,2013J,100385,5063,3,4
AAA,2013J,100385,5063,11,4
CCC,2013J,100719,5064,37,8
CCC,2013J,100719,5064,194,13
CCC,2013J,100719,5064,200,12
CCC,2013J,100719,5064,238,8
CCC,2013J,100719,5064,231,10
CCC,2013J,100719,5064,189,6
CCC,2013J,100719,5064,70,10
CCC,2013J,100719,5064,166,14
CCC,2013J,100719,5064,188,11
CCC,2013J,100719,5064,69,10
CCC,2013J,100719,5064,195,12
CCC,2013J,100719,5064,168,6
CCC,2013J,100719,5064,117,12
CCC,2013J,100719,5064,206,12
CCC,2013J,100719,5064,21,8
CCC,2013J,100719,5064,164,7
CCC,2013J,100719,5064,188,12
CCC,2013J,100719,5064,9,6
CCC,2013J,100719,5064,97,9
CCC,2013J,100719,5064,124,9
CCC,2014J,100046,5065,49,1
CCC,2014J,100046,5065,224,3
CCC,2014J,100046,5065,73,2
CCC,2014J,100046,5065,4,2
AAA,2013J,100258,5066,147,5
AAA,2013J,100258,5066,122,5
AAA,2013J,100258,5066,2,1
AAA,2013J,100258,5066,22,2
AAA,2013J,100258,5066,127,7
AAA,2013J,100258,5066,135,4
AAA,2013J,100258,5066,206,6
AAA,2013J,100258,5066,233,7
BBB,2014J,100068,5067,64,5
BBB,2014J,100068,5067,13,6
BBB,2014J,100068,5067,39,7
BBB,2014J,100068,5067,173,8
BBB,2014J,100068,5067,113,5
BBB,2014J,100068,5067,67,7
BBB,2014J,100068,5067,184,7
BBB,2014J,100068,5067,3,6
BBB,2014J,100068,5067,41,4
BBB,2014J,100068,5067,112,9
BBB,2014J,100068,5067,219,5
BBB,2014J,100068,5067,179,5
BBB,2014J,100068,5067,164,9
BBB,2014J,100068,5067,170,8
BBB,2014J,100068,5067,74,4
BBB,2014J,100068,5067,107,8
BBB,2014J,100137,5068,212,19
BBB,2014J,100137,5068,127,10
BBB,2014J,100137,5068,90,11
BBB,2014J,100137,5068,220,13
BBB,2014J,100137,5068,117,13
BBB,2014J,100137,5068,30,14
BBB,2014J,100137,5068,68,13
BBB,2014J,100137,5068,202,8
BBB,2014J,100137,5068,123,17
BBB,2014J,100137,5068,134,12
BBB,2014J,100137,5068,163,5
BBB,2014J,100137,5068,46,16
BBB,2014J,100137,5068,22,7
BBB,2014J,100137,5068,105,16
BBB,2014J,100137,5068,220,9
BBB,2014J,100137,5068,30,5
BBB,2014J,100137,5068,172,10
BBB,2014J,100137,5068,235,11
BBB,2014J,100137,5068,23,12
BBB,2014J,100137,5068,31,12
BBB,2014J,100137,5068,208,7
BBB,2014J,100137,5068,26,12
BBB,2014J,100137,5068,178,8
BBB,2014J,100137,5068,191,9
BBB,2014J,100137,5068,75,8
BBB,2014J,100137,5068,69,5
BBB,2014J,100137,5068,125,11
BBB,2014J,100137,5068,121,20
BBB,2014J,100137,5068,206,6
BBB,2014J,100006,5069,64,1
BBB,2014J,100006,5069,208,2
BBB,2014J,100006,5069,141,1
CCC,2013J,100158,5070,136,3
CCC,2013J,100158,5070,162,5
CCC,2013J,100158,5070,76,5
CCC,2013J,100158,5070,10,2
CCC,2013J,100158,5070,197,2
CCC,2013J,100158,5070,227,3
CCC,2013J,100158,5070,19,6
CCC,2013J,100158,5070,76,4
CCC,2013J,100158,5070,104,3
CCC,2013J,100158,5070,182,3
CCC,2013J,100158,5070,185,3
CCC,2013J,100771,5071,230,7
CCC,2013J,100771,5071,156,7
CCC,2013J,100771,5071,175,8
CCC,2013J,100771,5071,29,13
CCC,2013J,100771,5071,111,8
CCC,2013J,100771,5071,149,9
CCC,2013J,100771,5071,140,4
CCC,2013J,100771,5071,227,4
CCC,2013J,100771,5071,114,11
CCC,2013J,100771,5071,89,5
CCC,2013J,100771,5071,226,16
CCC,2013J,100771,5071,80,8
CCC,2013J,100771,5071,136,8
CCC,2013J,100771,5071,6,9
CCC,2013J,100771,5071,39,8
CCC,2013J,100771,5071,13,5
CCC,2013J,100771,5071,100,8
CCC,2013J,100771,5071,223,9
AAA,2014J,100017,5072,170,8
AAA,2014J,100017,5072,78,11
AAA,2014J,100017,5072,25,6
AAA,2014J,100017,5072,4,9
AAA,2014J,100017,5072,183,7
AAA,2014J,100017,5072,227,7
AAA,2014J,100017,5072,163,5
AAA,2014J,100017,5072,14,12
AAA,2014J,100017,5072,135,6
AAA,2014J,100017,5072,65,7
AAA,2014J,100017,5072,76,5
AAA,2014J,100017,5072,221,5
AAA,2014J,100017,5072,197,2
AAA,2014J,100017,5072,176,9
AAA,2014J,100017,5072,120,6
AAA,2013J,100269,5073,138,1
AAA,2013J,100269,5073,1,1
BBB,2014J,100484,5074,235,3
BBB,2014J,100484,5074,180,2
BBB,2014J,100484,5074,218,5
BBB,2014J,100484,5074,45,6
BBB,2014J,100484,5074,81,3
BBB,2014J,100484,5074,205,10
BBB,2014J,100484,5074,12,7
BBB,2014J,100484,5074,198,4
AAA,2013J,100011,5075,226,3
AAA,2013J,100011,5075,67,2
AAA,2013J,100011,5075,203,2
AAA,2013J,100011,5075,33,4
AAA,2013J,100011,5075,48,3
AAA,2013J,100011,5075,108,6
AAA,2013J,100171,5076,176,1
AAA,2013J,100171,5076,110,1
AAA,2013J,100171,5076,62,1
CCC,2013J,100737,5077,14,8
CCC,2013J,100737,5077,197,3
CCC,2013J,100737,5077,229,6
CCC,2013J,100737,5077,96,3
CCC,2013J,100737,5077,121,6
CCC,2013J,100737,5077,130,8
CCC,2013J,100737,5077,33,6
CCC,2013J,100737,5077,53,2
CCC,2013J,100737,5077,71,5
CCC,2013J,100737,5077,202,7
CCC,2013J,100737,5077,105,4
CCC,2013J,100737,5077,173,5
AAA,2013J,100250,5078,173,5
AAA,2013J,100250,5078,44,9
AAA,2013J,100250,5078,117,12
AAA,2013J,100250,5078,200,9
AAA,2013J,100250,5078,47,4
AAA,2013J,100250,5078,28,8
AAA,2013J,100250,5078,197,6
AAA,2013J,100250,5078,209,9
AAA,2013J,100250,5078,103,11
AAA,2013J,100250,5078,11,4
AAA,2013J,100250,5078,129,3
AAA,2013J,100117,5079,71,5
AAA,2013J,100117,5079,185,1
AAA,2013J,100117,5079,41,8
AAA,2013J,100117,5079,119,4
AAA,2013J,100117,5079,226,6
AAA,2013J,100117,5079,234,5
AAA,2013J,100117,5079,227,3
AAA,2013J,100117,5079,32,4
AAA,2013J,100117,5079,35,1
AAA,2014J,100570,5080,148,9
AAA,2014J,100570,5080,237,3
AAA,2014J,100570,5080,23,10
AAA,2014J,100570,5080,55,2
AAA,2014J,100570,5080,71,3
AAA,2014J,100570,5080,160,3
AAA,2014J,100570,5080,228,4
AAA,2014J,100570,5080,225,7
AAA,2014J,100570,5080,179,1
AAA,2014J,100570,5080,185,4
AAA,2014J,100619,5081,203,8
AAA,2014J,100619,5081,130,2
AAA,2014J,100619,5081,67,7
AAA,2014J,100619,5081,213,5
AAA,2014J,100619,5081,143,4
AAA,2014J,100619,5081,199,6
AAA,2014J,100619,5081,103,8
AAA,2014J,100619,5081,47,7
AAA,2014J,100619,5081,226,10
AAA,2014J,100619,5081,162,6
BBB,2014J,100268,5082,223,1
BBB,2014J,100268,5082,156,1
BBB,2014J,100268,5082,128,1
BBB,2013J,100398,5083,37,7
BBB,2013J,100398,5083,86,4
BBB,2013J,100398,5083,226,6
BBB,2013J,100398,5083,97,6
BBB,2013J,100398,5083,163,7
BBB,2013J,100398,5083,239,11
BBB,2013J,100398,5083,83,10
BBB,2013J,100398,5083,24,8
BBB,2013J,100398,5083,55,6
BBB,2013J,100398,5083,58,3
BBB,2013J,100398,5083,13,4
BBB,2013J,100398,5083,130,2
BBB,2013J,100398,5083,66,4
BBB,2013J,100398,5083,23,7
BBB,2013J,100398,5083,32,8
BBB,2013J,100398,5083,65,3
CCC,2013J,100874,5084,88,3
CCC,2013J,100874,5084,160,8
CCC,2013J,100874,5084,179,6
CCC,2013J,100874,5084,112,10
CCC,2013J,100874,5084,153,5
CCC,2013J,100874,5084,137,5
CCC,2013J,100874,5084,166,7
CCC,2013J,100874,5084,108,10
CCC,2013J,100874,5084,156,7
CCC,2013J,100874,5084,154,5
CCC,2013J,100874,5084,153,2
AAA,2014J,100855,5085,209,15
AAA,2014J,100855,5085,1,10
AAA,2014J,100855,5085,11,8
AAA,2014J,100855,5085,212,14
AAA,2014J,100855,5085,161,13
AAA,2014J,100855,5085,143,7
AAA,2014J,100855,5085,82,11
AAA,2014J,100855,5085,196,12
AAA,2014J,100855,5085,145,10
AAA,2014J,100855,5085,104,7
AAA,2014J,100855,5085,91,13
AAA,2014J,100855,5085,85,7
AAA,2014J,100855,5085,138,14
AAA,2014J,100855,5085,157,21
AAA,2014J,100855,5085,193,14
AAA,2014J,100855,5085,97,7
AAA,2014J,100855,5085,60,10
AAA,2014J,100855,5085,133,13
AAA,2014J,100855,5085,140,19
AAA,2014J,100855,5085,66,6
AAA,2014J,100855,5085,17,9
AAA,2014J,100855,5085,79,10
AAA,2014J,100855,5085,16,12
AAA,2014J,100855,5085,19,17
AAA,2014J,100855,5085,231,14
AAA,2014J,100855,5085,187,7
AAA,2014J,100855,5085,8,8
AAA,2014J,100855,5085,83,10
AAA,2014J,100855,5085,61,7
AAA,2014J,100855,5085,233,15
AAA,2014J,100855,5085,105,9
AAA,2014J,100855,5085,62,15
AAA,2014J,100855,5085,152,18
AAA,2014J,100855,5085,114,14
AAA,2014J,100855,5085,44,14
AAA,2014J,100855,5085,73,18
AAA,2014J,100855,5085,30,12
AAA,2014J,100855,5085,166,13
BBB,2014J,100879,5086,12,1
BBB,2014J,100879,5086,239,1
BBB,2014J,100879,5086,23,2
BBB,2014J,100879,5086,51,8
BBB,2014J,100879,5086,237,2
BBB,2014J,100879,5086,24,3
BBB,2014J,100879,5086,191,2
BBB,2014J,100203,5087,134,3
BBB,2014J,100203,5087,123,2
BBB,2014J,100203,5087,152,1
BBB,2014J,100203,5087,69,3
BBB,2014J,100203,5087,88,5
BBB,2014J,100203,5087,127,2
BBB,2014J,100203,5087,108,4
BBB,2014J,100203,5087,116,3
BBB,2014J,100203,5087,163,5
BBB,2013J,100630,5088,1,5
BBB,2013J,100630,5088,96,6
BBB,2013J,100630,5088,78,9
BBB,2013J,100630,5088,32,8
BBB,2013J,100630,5088,71,2
BBB,2013J,100630,5088,70,11
BBB,2013J,100630,5088,16,6
BBB,2013J,100630,5088,152,4
CCC,2013J,100840,5089,95,2
CCC,2013J,100840,5089,78,5
CCC,2013J,100840,5089,79,9
CCC,2013J,100840,5089,74,3
CCC,2013J,100840,5089,225,5
CCC,2013J,100840,5089,103,5
CCC,2013J,100840,5089,194,8
AAA,2014J,100794,5090,55,2
AAA,2014J,100794,5090,186,2
AAA,2014J,100794,5090,169,3
BBB,2014J,100558,5091,56,4
BBB,2014J,100558,5091,125,5
BBB,2014J,100558,5091,33,2
BBB,2014J,100558,5091,138,3
BBB,2014J,100558,5091,170,2
CCC,2014J,100131,5092,23,6
CCC,2014J,100131,5092,162,7
CCC,2014J,100131,5092,55,7
CCC,2014J,100131,5092,218,6
CCC,2014J,100131,5092,19,8
CCC,2014J,100131,5092,22,6
CCC,2014J,100131,5092,172,3
CCC,2014J,100131,5092,231,6
CCC,2014J,100131,5092,120,5
CCC,2014J,100131,5092,32,1
CCC,2014J,100131,5092,11,5
BBB,2013J,100293,5093,210,1
BBB,2013J,100293,5093,103,1
BBB,2013J,100293,5093,56,3
BBB,2013J,100293,5093,56,1
BBB,2013J,100293,5093,222,1
BBB,2013J,100293,5093,130,1
BBB,2013J,100293,5093,138,8
BBB,2013J,100293,5093,142,3
BBB,2014J,100252,5094,185,6
BBB,2014J,100252,5094,201,6
BBB,2014J,100252,5094,221,8
BBB,2014J,100252,5094,138,2
BBB,2014J,100252,5094,113,3
BBB,2014J,100252,5094,181,3
CCC,2014J,100268,5095,2,11
CCC,2014J,100268,5095,215,4
CCC,2014J,100268,5095,57,3
CCC,2014J,100268,5095,228,4
CCC,2014J,100268,5095,32,8
CCC,2014J,100268,5095,24,7
CCC,2014J,100268,5095,29,9
CCC,2014J,100268,5095,71,4
CCC,2014J,100268,5095,225,6
CCC,2014J,100268,5095,111,6
CCC,2014J,100268,5095,39,12
CCC,2014J,100268,5095,154,8
CCC,2014J,100268,5095,121,9
BBB,2014J,100402,5096,168,1
BBB,2014J,100402,5096,13,4
BBB,2014J,100402,5096,184,1
BBB,2014J,100520,5097,165,1
AAA,2013J,100543,5098,35,1
AAA,2014J,100894,5099,63,2
BBB,2013J,100870,5100,196,1
AAA,2014J,100303,5101,24,3
AAA,2014J,100303,5101,157,3
AAA,2014J,100303,5101,97,1
AAA,2014J,100303,5101,148,3
AAA,2014J,100303,5101,0,2
AAA,2014J,100303,5101,2,1
BBB,2014J,100746,5102,200,6
BBB,2014J,100746,5102,47,1
BBB,2014J,100746,5102,79,3
BBB,2014J,100746,5102,3,2
BBB,2014J,100746,5102,137,2
BBB,2014J,100746,5102,199,2
BBB,2013J,100575,5103,203,2
BBB,2013J,100575,5103,128,4
BBB,2013J,100575,5103,145,5
BBB,2013J,100149,5104,138,7
BBB,2013J,100149,5104,220,4
BBB,2013J,100149,5104,89,8
BBB,2013J,100149,5104,180,5
BBB,2013J,100149,5104,139,7
BBB,2013J,100149,5104,106,6
BBB,2013J,100149,5104,51,11
BBB,2013J,100149,5104,45,13
BBB,2013J,100149,5104,175,8
BBB,2013J,100149,5104,77,11
BBB,2013J,100149,5104,55,14
BBB,2013J,100149,5104,1,11
BBB,2013J,100149,5104,201,6
BBB,2013J,100149,5104,94,9
BBB,2013J,100149,5104,83,7
BBB,2013J,100149,5104,89,10
BBB,2013J,100149,5104,143,7
BBB,2013J,100149,5104,115,6
BBB,2013J,100149,5104,130,8
CCC,2014J,100059,5105,205,1
CCC,2014J,100059,5105,6,7
CCC,2014J,100059,5105,107,5
CCC,2014J,100059,5105,11,4
CCC,2014J,100059,5105,154,10
CCC,2014J,100059,5105,18,6
CCC,2014J,100059,5105,75,5
CCC,2014J,100059,5105,177,5
CCC,2014J,100059,5105,180,1
CCC,2014J,100059,5105,54,10
CCC,2014J,100059,5105,123,8
CCC,2013J,100524,5106,44,5
CCC,2013J,100524,5106,83,9
CCC,2013J,100524,5106,55,5
CCC,2013J,100524,5106,162,3
CCC,2013J,100524,5106,10,5
CCC,2013J,100524,5106,188,3
CCC,2013J,100524,5106,187,4
BBB,2014J,100871,5107,9,7
BBB,2014J,100871,5107,104,4
BBB,2014J,100871,5107,0,2
BBB,2014J,100871,5107,124,4
BBB,2014J,100871,5107,96,1
BBB,2014J,100871,5107,61,1
BBB,2014J,100871,5107,141,1
BBB,2014J,100871,5107,163,2
BBB,2014J,100871,5107,9,3
BBB,2014J,100871,5107,114,3
BBB,2014J,100871,5107,225,4
AAA,2014J,100012,5108,71,3
AAA,2014J,100012,5108,176,3
AAA,2014J,100012,5108,232,4
CCC,2014J,100837,5109,194,8
CCC,2014J,100837,5109,73,5
CCC,2014J,100837,5109,198,1
CCC,2014J,100837,5109,231,5
CCC,2014J,100837,5109,159,7
CCC,2014J,100837,5109,119,7
CCC,2014J,100837,5109,75,4
CCC,2014J,100837,5109,14,5
CCC,2014J,100837,5109,12,3
CCC,2014J,100837,5109,200,2
CCC,2014J,100837,5109,158,3
CCC,2014J,100837,5109,54,1
CCC,2014J,100837,5109,132,4
AAA,2013J,100334,5110,210,4
AAA,2013J,100334,5110,236,3
AAA,2013J,100334,5110,208,7
AAA,2013J,100334,5110,25,9
AAA,2013J,100334,5110,26,5
AAA,2013J,100334,5110,48,8
AAA,2013J,100334,5110,177,1
AAA,2013J,100334,5110,94,7
AAA,2013J,100334,5110,150,8
AAA,2013J,100334,5110,33,2
AAA,2013J,100334,5110,14,4
AAA,2013J,100334,5110,185,7
AAA,2013J,100334,5110,69,6
AAA,2013J,100334,5110,10,4
AAA,2013J,100334,5110,51,5
AAA,2013J,100334,5110,77,7
BBB,2013J,100600,5111,97,1
BBB,2014J,100067,5112,136,2
BBB,2014J,100067,5112,17,5
BBB,2014J,100067,5112,148,3
BBB,2014J,100067,5112,149,7
BBB,2014J,100067,5112,205,4
BBB,2014J,100067,5112,46,6
BBB,2014J,100067,5112,190,6
BBB,2014J,100067,5112,165,4
BBB,2014J,100067,5112,159,2
AAA,2014J,100244,5113,152,1
BBB,2014J,100843,5114,96,1
BBB,2014J,100843,5114,187,2
BBB,2014J,100843,5114,53,4
BBB,2014J,100843,5114,2,4
BBB,2014J,100843,5114,80,4
BBB,2014J,100843,5114,41,5
BBB,2014J,100843,5114,86,4
BBB,2014J,100843,5114,17,3
BBB,2014J,100843,5114,141,5
BBB,2014J,100843,5114,122,6
BBB,2014J,100843,5114,65,3
BBB,2014J,100843,5114,150,7
AAA,2013J,100801,5115,92,9
AAA,2013J,100801,5115,120,9
AAA,2013J,100801,5115,178,7
AAA,2013J,100801,5115,77,6
AAA,2013J,100801,5115,55,5
AAA,2013J,100801,5115,64,9
AAA,2013J,100801,5115,183,8
AAA,2013J,100801,5115,239,4
AAA,2013J,100801,5115,24,5
AAA,2013J,100801,5115,234,5
AAA,2013J,100801,5115,7,8
AAA,2013J,100801,5115,127,8
AAA,2013J,100801,5115,32,4
AAA,2013J,100801,5115,229,9
AAA,2013J,100801,5115,182,6
AAA,2013J,100801,5115,85,2
AAA,2013J,100801,5115,164,9
AAA,2013J,100801,5115,203,8
AAA,2013J,100801,5115,52,6
AAA,2014J,100296,5116,152,2
AAA,2014J,100296,5116,6,4
AAA,2014J,100296,5116,58,2
AAA,2014J,100296,5116,190,5
AAA,2014J,100296,5116,143,3
AAA,2014J,100296,5116,123,2
AAA,2014J,100296,5116,99,4
AAA,2014J,100296,5116,115,2
BBB,2014J,100346,5117,153,12
BBB,2014J,100346,5117,81,2
BBB,2014J,100346,5117,24,9
BBB,2014J,100346,5117,148,8
BBB,2014J,100346,5117,229,9
BBB,2014J,100346,5117,238,6
BBB,2014J,100346,5117,25,11
BBB,2014J,100346,5117,190,8
BBB,2014J,100346,5117,86,9
BBB,2014J,100346,5117,200,5
BBB,2014J,100346,5117,145,6
BBB,2014J,100346,5117,175,13
BBB,2014J,100346,5117,201,7
BBB,2014J,100346,5117,214,13
BBB,2014J,100346,5117,34,13
BBB,2014J,100346,5117,173,12
BBB,2014J,100346,5117,33,12
AAA,2014J,100872,5118,51,1
AAA,2014J,100872,5118,97,3
AAA,2014J,100872,5118,195,2
AAA,2014J,100872,5118,27,1
AAA,2014J,100872,5118,175,2
AAA,2014J,100872,5118,199,1
AAA,2014J,100872,5118,161,1
CCC,2013J,100729,5119,155,4
CCC,2013J,100729,5119,92,5
CCC,2013J,100729,5119,29,4
CCC,2013J,100729,5119,147,3
CCC,2013J,100729,5119,180,3
AAA,2014J,100869,5120,108,6
AAA,2014J,100869,5120,19,3
AAA,2014J,100869,5120,170,1
AAA,2014J,100869,5120,16,6
AAA,2014J,100869,5120,17,4
AAA,2014J,100869,5120,60,6
AAA,2014J,100869,5120,127,3
AAA,2014J,100869,5120,71,4
AAA,2014J,100869,5120,211,8
AAA,2014J,100869,5120,222,3
AAA,2014J,100869,5120,94,1
CCC,2013J,100299,5121,239,3
CCC,2013J,100299,5121,186,2
CCC,2013J,100299,5121,77,2
CCC,2013J,100299,5121,133,6
CCC,2013J,100299,5121,217,4
AAA,2014J,100694,5122,50,6
AAA,2014J,100694,5122,233,1
AAA,2014J,100694,5122,134,8
AAA,2014J,100694,5122,29,8
AAA,2014J,100694,5122,17,8
AAA,2014J,100694,5122,128,3
AAA,2014J,100694,5122,142,3
AAA,2014J,100694,5122,59,5
AAA,2014J,100694,5122,46,8
AAA,2014J,100694,5122,145,4
AAA,2014J,100694,5122,104,2
CCC,2014J,100610,5123,8,8
CCC,2014J,100610,5123,204,10
CCC,2014J,100610,5123,198,6
CCC,2014J,100610,5123,236,5
CCC,2014J,100610,5123,178,9
CCC,2014J,100610,5123,224,5
CCC,2014J,100610,5123,228,8
CCC,2014J,100610,5123,4,3
CCC,2014J,100610,5123,156,9
CCC,2014J,100610,5123,80,5
CCC,2014J,100610,5123,118,13
CCC,2013J,100379,5124,185,4
CCC,2013J,100379,5124,189,5
CCC,2013J,100379,5124,191,9
CCC,2013J,100379,5124,86,3
CCC,2013J,100379,5124,117,10
CCC,2013J,100379,5124,6,11
CCC,2013J,100379,5124,197,10
CCC,2013J,100379,5124,72,8
CCC,2013J,100379,5124,112,8
CCC,2014J,100812,5125,163,3
CCC,2014J,100812,5125,38,1
CCC,2014J,100812,5125,221,7
CCC,2014J,100812,5125,218,3
CCC,2014J,100812,5125,203,5
CCC,2014J,100812,5125,234,5
CCC,2014J,100812,5125,237,9
CCC,2014J,100812,5125,220,7
AAA,2014J,100719,5126,231,10
AAA,2014J,100719,5126,214,8
AAA,2014J,100719,5126,238,6
AAA,2014J,100719,5126,31,7
AAA,2014J,100719,5126,2,5
AAA,2014J,100719,5126,137,5
AAA,2014J,100719,5126,63,14
AAA,2014J,100719,5126,208,8
AAA,2014J,100719,5126,111,5
AAA,2014J,100719,5126,2,8
AAA,2014J,100719,5126,53,11
AAA,2014J,100719,5126,81,9
CCC,2014J,100694,5127,6,5
CCC,2014J,100694,5127,137,2
CCC,2013J,100082,5128,172,4
CCC,2013J,100082,5128,189,4
CCC,2013J,100082,5128,145,3
CCC,2013J,100082,5128,17,6
CCC,2013J,100082,5128,37,8
CCC,2013J,100082,5128,237,7
CCC,2013J,100082,5128,68,7
CCC,2013J,100082,5128,102,5
CCC,2013J,100082,5128,90,4
CCC,2013J,100082,5128,237,6
CCC,2013J,100082,5128,197,3
CCC,2013J,100082,5128,116,7
CCC,2013J,100082,5128,163,13
CCC,2013J,100082,5128,132,5
CCC,2013J,100082,5128,154,6
CCC,2014J,100193,5129,63,3
CCC,2014J,100193,5129,125,1
CCC,2014J,100193,5129,159,3
CCC,2014J,100193,5129,26,2
AAA,2014J,100109,5130,116,5
AAA,2014J,100109,5130,190,13
AAA,2014J,100109,5130,237,12
AAA,2014J,100109,5130,239,12
AAA,2014J,100109,5130,19,8
AAA,2014J,100109,5130,178,7
AAA,2014J,100109,5130,174,7
AAA,2014J,100109,5130,207,8
AAA,2014J,100109,5130,102,7
AAA,2014J,100109,5130,120,6
AAA,2014J,100109,5130,108,12
AAA,2014J,100109,5130,89,7
AAA,2014J,100109,5130,59,6
AAA,2014J,100109,5130,154,6
AAA,2014J,100109,5130,4,3
AAA,2014J,100109,5130,179,8
CCC,2013J,100351,5131,127,5
CCC,2013J,100351,5131,77,9
CCC,2013J,100351,5131,117,8
CCC,2013J,100351,5131,145,7
CCC,2013J,100351,5131,204,8
CCC,2013J,100351,5131,180,9
CCC,2013J,100351,5131,196,5
CCC,2013J,100351,5131,125,10
CCC,2013J,100351,5131,167,14
CCC,2013J,100351,5131,35,11
CCC,2013J,100351,5131,35,14
CCC,2013J,100351,5131,221,15
CCC,2013J,100351,5131,144,16
CCC,2013J,100351,5131,27,14
CCC,2013J,100351,5131,97,14
CCC,2013J,100351,5131,232,6
CCC,2013J,100351,5131,5,9
CCC,2013J,100351,5131,106,15
CCC,2013J,100351,5131,200,13
CCC,2013J,100351,5131,227,10
CCC,2013J,100351,5131,88,10
CCC,2013J,100351,5131,219,14
CCC,2013J,100351,5131,171,12
CCC,2013J,100351,5131,97,11
CCC,2013J,100351,5131,187,13
CCC,2013J,100351,5131,192,7
AAA,2014J,100590,5132,75,2
AAA,2014J,100590,5132,67,1
AAA,2014J,100590,5132,109,2
AAA,2014J,100590,5132,39,4
AAA,2014J,100590,5132,64,3
AAA,2014J,100590,5132,230,5
AAA,2014J,100590,5132,34,3
BBB,2013J,100124,5133,196,1
BBB,2013J,100876,5134,100,1
BBB,2014J,100194,5135,236,8
BBB,2014J,100194,5135,102,10
BBB,2014J,100194,5135,23,4
BBB,2014J,100194,5135,63,7
BBB,2014J,100194,5135,47,11
BBB,2014J,100194,5135,223,13
BBB,2014J,100194,5135,118,13
BBB,2014J,100194,5135,131,10
BBB,2014J,100194,5135,105,4
BBB,2014J,100194,5135,212,6
BBB,2014J,100194,5135,191,10
BBB,2014J,100194,5135,165,9
BBB,2014J,100194,5135,74,8
BBB,2014J,100194,5135,74,4
BBB,2014J,100194,5135,225,5
BBB,2013J,100466,5136,234,10
BBB,2013J,100466,5136,235,6
BBB,2013J,100466,5136,53,5
BBB,2013J,100466,5136,186,3
BBB,2013J,100466,5136,167,7
BBB,2013J,100466,5136,184,8
BBB,2013J,100466,5136,40,4
BBB,2013J,100466,5136,121,6
BBB,2013J,100466,5136,36,5
BBB,2013J,100466,5136,215,5
AAA,2013J,100185,5137,227,4
AAA,2013J,100185,5137,80,10
AAA,2013J,100185,5137,180,12
AAA,2013J,100185,5137,175,5
AAA,2013J,100185,5137,168,1
AAA,2013J,100185,5137,125,2
AAA,2013J,100185,5137,17,2
AAA,2013J,100185,5137,63,6
AAA,2013J,100185,5137,134,3
AAA,2013J,100185,5137,98,5
AAA,2013J,100185,5137,44,8
AAA,2013J,100185,5137,165,7
BBB,2013J,100225,5138,31,5
BBB,2013J,100225,5138,239,10
BBB,2013J,100225,5138,92,6
BBB,2013J,100225,5138,112,3
BBB,2013J,100225,5138,62,8
BBB,2013J,100225,5138,20,5
BBB,2013J,100225,5138,98,8
BBB,2013J,100225,5138,87,6
BBB,2013J,100225,5138,107,8
BBB,2013J,100225,5138,117,9
BBB,2013J,100225,5138,151,6
BBB,2013J,100225,5138,17,6
BBB,2013J,100225,5138,87,10
CCC,2014J,100135,5139,207,7
CCC,2014J,100135,5139,44,8
CCC,2014J,100135,5139,59,7
CCC,2014J,100135,5139,46,10
CCC,2014J,100135,5139,55,3
CCC,2014J,100135,5139,108,1
CCC,2014J,100135,5139,140,10
CCC,2014J,100135,5139,207,9
CCC,2014J,100135,5139,101,8
CCC,2014J,100135,5139,98,3
CCC,2014J,100135,5139,38,9
BBB,2013J,100799,5140,38,7
BBB,2013J,100799,5140,226,6
BBB,2013J,100799,5140,167,8
BBB,2013J,100799,5140,130,5
BBB,2013J,100799,5140,107,3
BBB,2013J,100799,5140,118,15
BBB,2013J,100799,5140,185,6
BBB,2013J,100799,5140,183,10
BBB,2013J,100799,5140,132,11
BBB,2013J,100799,5140,238,11
BBB,2013J,100799,5140,55,7
BBB,2013J,100799,5140,102,9
BBB,2013J,100799,5140,143,7
BBB,2013J,100799,5140,39,6
BBB,2013J,100799,5140,119,6
AAA,2014J,100826,5141,200,10
AAA,2014J,100826,5141,95,5
AAA,2014J,100826,5141,128,7
AAA,2014J,100826,5141,222,6
AAA,2014J,100826,5141,182,5
AAA,2014J,100826,5141,96,2
AAA,2014J,100826,5141,59,6
AAA,2014J,100826,5141,26,3
AAA,2014J,100826,5141,47,4
AAA,2014J,100826,5141,32,7
AAA,2014J,100826,5141,193,10
AAA,2014J,100826,5141,138,5
AAA,2014J,100826,5141,8,6
AAA,2014J,100826,5141,222,12
AAA,2014J,100826,5141,36,4
AAA,2014J,100826,5141,154,9
CCC,2014J,100753,5142,2,13
CCC,2014J,100753,5142,207,11
CCC,2014J,100753,5142,170,10
CCC,2014J,100753,5142,149,9
CCC,2014J,100753,5142,185,8
CCC,2014J,100753,5142,155,8
CCC,2014J,100753,5142,81,11
CCC,2014J,100753,5142,153,8
CCC,2014J,100753,5142,71,6
CCC,2014J,100753,5142,150,10
CCC,2014J,100753,5142,91,8
CCC,2014J,100753,5142,116,7
CCC,2014J,100753,5142,43,2
CCC,2014J,100753,5142,229,9
CCC,2014J,100753,5142,179,8
CCC,2014J,100753,5142,25,8
CCC,2014J,100753,5142,114,5
CCC,2014J,100753,5142,109,10
CCC,2014J,100753,5142,212,6
CCC,2014J,100753,5142,181,12
CCC,2014J,100753,5142,210,12
CCC,2014J,100753,5142,112,10
CCC,2014J,100753,5142,37,5
CCC,2014J,100753,5142,173,8
CCC,2014J,100753,5142,52,7
CCC,2014J,100753,5142,152,16
AAA,2014J,100802,5143,98,4
AAA,2014J,100802,5143,26,8
AAA,2014J,100802,5143,162,6
AAA,2014J,100802,5143,149,8
AAA,2014J,100802,5143,77,4
AAA,2014J,100802,5143,113,3
AAA,2014J,100802,5143,132,6
AAA,2014J,100802,5143,165,5
AAA,2014J,100802,5143,129,5
AAA,2014J,100802,5143,14,6
AAA,2014J,100802,5143,130,8
AAA,2014J,100802,5143,83,7
BBB,2014J,100054,5144,98,13
BBB,2014J,100054,5144,166,3
BBB,2014J,100054,5144,145,6
BBB,2014J,100054,5144,8,5
BBB,2013J,100387,5145,101,4
BBB,2013J,100387,5145,73,2
BBB,2013J,100387,5145,3,2
BBB,2013J,100387,5145,97,2
BBB,2013J,100174,5146,238,1
BBB,2013J,100174,5146,182,4
BBB,2013J,100174,5146,154,5
BBB,2013J,100174,5146,55,2
BBB,2013J,100174,5146,200,1
BBB,2013J,100174,5146,163,3
BBB,2013J,100174,5146,149,5
CCC,2014J,100281,5147,221,7
CCC,2014J,100281,5147,56,12
CCC,2014J,100281,5147,34,8
CCC,2014J,100281,5147,150,10
CCC,2014J,100281,5147,76,11
CCC,2014J,100281,5147,112,9
CCC,2014J,100281,5147,109,6
CCC,2014J,100281,5147,63,9
CCC,2014J,100281,5147,239,11
CCC,2014J,100281,5147,91,3
CCC,2014J,100281,5147,160,3
CCC,2014J,100281,5147,38,9
CCC,2014J,100281,5147,237,13
CCC,2014J,100281,5147,236,13
CCC,2014J,100281,5147,16,8
CCC,2014J,100281,5147,154,10
CCC,2014J,100281,5147,142,11
CCC,2014J,100281,5147,41,6
CCC,2014J,100281,5147,184,9
CCC,2014J,100281,5147,183,12
CCC,2014J,100281,5147,202,10
CCC,2014J,100281,5147,144,1
BBB,2014J,100081,5148,214,10
BBB,2014J,100081,5148,107,2
BBB,2014J,100081,5148,71,5
BBB,2014J,100081,5148,54,1
BBB,2014J,100081,5148,63,2
BBB,2014J,100081,5148,135,7
BBB,2014J,100081,5148,54,2
BBB,2014J,100081,5148,86,6
BBB,2014J,100081,5148,170,6
BBB,2014J,100081,5148,210,8
BBB,2014J,100081,5148,162,7
BBB,2014J,100081,5148,126,2
BBB,2014J,100081,5148,167,5
CCC,2014J,100098,5149,98,8
CCC,2014J,100098,5149,13,7
CCC,2014J,100098,5149,1,12
CCC,2014J,100098,5149,89,7
CCC,2014J,100098,5149,127,5
CCC,2014J,100098,5149,117,5
CCC,2014J,100098,5149,57,3
CCC,2014J,100098,5149,162,7
CCC,2014J,100098,5149,211,6
CCC,2014J,100098,5149,55,5
CCC,2014J,100098,5149,161,7
CCC,2014J,100098,5149,130,6
CCC,2014J,100098,5149,164,3
CCC,2014J,100098,5149,3,4
CCC,2014J,100098,5149,161,12
CCC,2014J,100098,5149,179,4
CCC,2014J,100098,5149,162,4
CCC,2014J,100098,5149,201,4
AAA,2013J,100106,5150,179,5
AAA,2013J,100106,5150,74,5
AAA,2013J,100106,5150,219,2
AAA,2013J,100106,5150,153,4
AAA,2013J,100106,5150,162,2
CCC,2013J,100519,5151,202,1
CCC,2013J,100519,5151,197,3
CCC,2013J,100519,5151,114,3
CCC,2013J,100519,5151,173,1
CCC,2013J,100519,5151,212,4
CCC,2013J,100519,5151,38,1
BBB,2014J,100447,5152,104,5
BBB,2014J,100447,5152,117,7
BBB,2014J,100447,5152,170,5
BBB,2014J,100447,5152,59,3
BBB,2014J,100447,5152,165,4
BBB,2014J,100447,5152,199,6
AAA,2014J,100363,5153,185,7
AAA,2014J,100363,5153,83,7
AAA,2014J,100363,5153,57,3
AAA,2014J,100363,5153,19,8
AAA,2014J,100363,5153,209,8
AAA,2014J,100363,5153,17,9
AAA,2014J,100363,5153,202,9
AAA,2014J,100363,5153,90,8
AAA,2014J,100363,5153,0,7
AAA,2014J,100363,5153,222,2
AAA,2014J,100363,5153,177,11
AAA,2014J,100363,5153,173,10
AAA,2014J,100363,5153,131,5
AAA,2014J,100363,5153,182,13
AAA,2014J,100363,5153,31,10
AAA,2014J,100363,5153,56,6
AAA,2014J,100363,5153,130,11
AAA,2013J,100658,5154,176,4
AAA,2013J,100658,5154,6,9
AAA,2013J,100658,5154,187,5
AAA,2013J,100658,5154,16,10
AAA,2013J,100658,5154,207,4
AAA,2013J,100658,5154,60,2
AAA,2013J,100658,5154,87,6
AAA,2013J,100658,5154,172,6
AAA,2013J,100658,5154,201,6
BBB,2014J,100308,5155,33,4
BBB,2014J,100308,5155,73,2
BBB,2014J,100308,5155,19,4
BBB,2014J,100308,5155,120,3
BBB,2014J,100308,5155,238,2
BBB,2014J,100308,5155,60,1
BBB,2014J,100308,5155,9,3
BBB,2013J,100714,5156,9,12
BBB,2013J,100714,5156,81,12
BBB,2013J,100714,5156,32,9
BBB,2013J,100714,5156,12,8
BBB,2013J,100714,5156,44,13
BBB,2013J,100714,5156,35,4
BBB,2013J,100714,5156,2,7
BBB,2013J,100714,5156,88,7
BBB,2013J,100714,5156,198,9
BBB,2013J,100714,5156,94,8
BBB,2013J,100714,5156,9,14
BBB,2013J,100714,5156,211,8
BBB,2013J,100714,5156,151,11
BBB,2013J,100714,5156,231,7
BBB,2013J,100714,5156,139,8
AAA,2014J,100247,5157,179,4
AAA,2014J,100247,5157,86,6
AAA,2014J,100247,5157,115,5
AAA,2014J,100247,5157,5,1
AAA,2014J,100247,5157,52,8
BBB,2013J,100188,5158,104,1
CCC,2013J,100150,5159,4,5
CCC,2013J,100150,5159,149,9
CCC,2013J,100150,5159,71,4
CCC,2013J,100150,5159,233,4
CCC,2013J,100150,5159,238,9
CCC,2013J,100150,5159,161,14
CCC,2013J,100150,5159,151,14
CCC,2013J,100150,5159,73,8
CCC,2013J,100150,5159,17,8
CCC,2013J,100150,5159,14,5
CCC,2013J,100150,5159,111,13
CCC,2013J,100150,5159,76,12
CCC,2013J,100150,5159,230,7
CCC,2013J,100150,5159,70,14
AAA,2013J,100259,5160,234,7
AAA,2013J,100259,5160,71,7
AAA,2013J,100259,5160,27,4
AAA,2013J,100259,5160,28,4
AAA,2013J,100259,5160,118,5
AAA,2013J,100259,5160,187,7
AAA,2013J,100259,5160,170,9
AAA,2013J,100259,5160,50,6
AAA,2013J,100259,5160,200,6
BBB,2014J,100512,5161,39,4
BBB,2014J,100512,5161,37,6
BBB,2014J,100512,5161,35,2
BBB,2014J,100128,5162,48,3
CCC,2014J,100454,5163,83,5
CCC,2014J,100454,5163,15,5
CCC,2014J,100454,5163,5,8
CCC,2014J,100454,5163,85,4
CCC,2014J,100454,5163,142,6
CCC,2014J,100454,5163,201,7
CCC,2014J,100454,5163,124,2
CCC,2014J,100454,5163,62,4
CCC,2014J,100454,5163,82,9
CCC,2014J,100454,5163,90,8
CCC,2014J,100454,5163,80,9
CCC,2014J,100454,5163,160,7
AAA,2014J,100726,5164,191,5
AAA,2014J,100726,5164,147,5
AAA,2014J,100726,5164,15,3
AAA,2014J,100726,5164,153,1
AAA,2014J,100726,5164,47,3
AAA,2014J,100726,5164,30,6
BBB,2013J,100791,5165,53,3
BBB,2013J,100791,5165,10,4
BBB,2013J,100791,5165,95,8
BBB,2013J,100791,5165,7,11
BBB,2013J,100791,5165,116,6
BBB,2013J,100791,5165,41,13
BBB,2013J,100791,5165,166,9
BBB,2013J,100791,5165,128,5
BBB,2013J,100791,5165,73,10
BBB,2013J,100791,5165,205,8
BBB,2013J,100791,5165,179,7
BBB,2013J,100791,5165,150,8
BBB,2013J,100791,5165,84,7
BBB,2013J,100791,5165,65,3
BBB,2013J,100791,5165,140,5
BBB,2013J,100791,5165,189,4
CCC,2013J,100605,5166,201,6
CCC,2013J,100605,5166,160,5
CCC,2013J,100605,5166,101,10
CCC,2013J,100605,5166,232,7
CCC,2013J,100605,5166,51,3
CCC,2013J,100605,5166,194,4
CCC,2013J,100605,5166,182,3
CCC,2013J,100605,5166,201,5
CCC,2013J,100605,5166,17,3
CCC,2013J,100605,5166,106,3
CCC,2013J,100605,5166,154,9
CCC,2013J,100605,5166,148,4
CCC,2013J,100605,5166,165,6
CCC,2013J,100605,5166,152,4
AAA,2013J,100167,5167,53,6
AAA,2013J,100167,5167,99,4
AAA,2013J,100167,5167,51,8
AAA,2013J,100167,5167,95,4
AAA,2013J,100167,5167,35,4
AAA,2013J,100167,5167,227,5
AAA,2013J,100167,5167,41,2
AAA,2013J,100167,5167,29,1
AAA,2013J,100167,5167,157,6
CCC,2014J,100511,5168,137,6
CCC,2014J,100511,5168,121,3
CCC,2014J,100511,5168,71,6
CCC,2014J,100511,5168,156,5
CCC,2014J,100511,5168,147,4
CCC,2014J,100164,5169,82,4
CCC,2014J,100164,5169,146,2
CCC,2014J,100164,5169,101,4
CCC,2014J,100164,5169,45,2
CCC,2014J,100164,5169,120,5
CCC,2014J,100164,5169,122,3
CCC,2014J,100164,5169,171,1
CCC,2014J,100164,5169,198,1
CCC,2014J,100556,5170,229,6
CCC,2014J,100556,5170,161,9
CCC,2014J,100556,5170,176,8
CCC,2014J,100556,5170,226,9
CCC,2014J,100556,5170,239,7
CCC,2014J,100556,5170,23,6
CCC,2014J,100556,5170,98,5
CCC,2014J,100556,5170,129,6
CCC,2014J,100556,5170,125,5
CCC,2014J,100556,5170,237,4
CCC,2014J,100556,5170,156,3
CCC,2014J,100556,5170,96,5
CCC,2014J,100556,5170,220,5
CCC,2014J,100556,5170,175,13
CCC,2014J,100556,5170,191,8
CCC,2014J,100556,5170,150,5
CCC,2014J,100556,5170,15,12
CCC,2014J,100556,5170,232,9
CCC,2014J,100556,5170,171,3
CCC,2014J,100556,5170,35,12
BBB,2013J,100143,5171,60,2
BBB,2013J,100143,5171,24,1
BBB,2013J,100143,5171,86,1
CCC,2013J,100754,5172,3,11
CCC,2013J,100754,5172,178,10
CCC,2013J,100754,5172,1,9
CCC,2013J,100754,5172,57,7
CCC,2013J,100754,5172,119,6
CCC,2013J,100754,5172,46,3
CCC,2013J,100754,5172,8,5
CCC,2013J,100754,5172,100,7
CCC,2013J,100754,5172,169,5
CCC,2013J,100754,5172,58,5
CCC,2013J,100388,5173,161,3
CCC,2013J,100388,5173,155,7
CCC,2013J,100388,5173,139,5
CCC,2013J,100388,5173,31,5
CCC,2013J,100388,5173,123,3
CCC,2013J,100388,5173,169,7
CCC,2013J,100388,5173,118,4
CCC,2013J,100388,5173,173,5
CCC,2013J,100388,5173,78,5
CCC,2013J,100388,5173,123,8
BBB,2013J,100263,5174,30,7
BBB,2013J,100263,5174,234,4
BBB,2013J,100263,5174,174,6
BBB,2013J,100263,5174,238,5
BBB,2013J,100263,5174,52,9
BBB,2013J,100263,5174,190,2
BBB,2013J,100263,5174,91,3
BBB,2013J,100263,5174,24,6
BBB,2013J,100263,5174,115,5
BBB,2013J,100263,5174,112,9
BBB,2013J,100263,5174,120,4
BBB,2013J,100263,5174,205,7
BBB,2013J,100263,5174,67,2
BBB,2014J,100131,5175,153,4
BBB,2014J,100131,5175,212,4
BBB,2014J,100131,5175,128,4
BBB,2014J,100131,5175,129,2
BBB,2014J,100131,5175,26,6
BBB,2014J,100131,5175,150,3
BBB,2014J,100131,5175,196,5
BBB,2014J,100131,5175,50,6
BBB,2014J,100131,5175,130,9
BBB,2014J,100131,5175,1,3
BBB,2014J,100131,5175,50,3
BBB,2014J,100070,5176,45,1
BBB,2014J,100070,5176,225,4
BBB,2014J,100070,5176,147,2
BBB,2014J,100070,5176,63,3
BBB,2014J,100070,5176,11,2
BBB,2014J,100070,5176,191,2
AAA,2013J,100123,5177,174,7
AAA,2013J,100123,5177,1,8
AAA,2013J,100123,5177,84,8
AAA,2013J,100123,5177,199,4
AAA,2013J,100123,5177,208,8
AAA,2013J,100123,5177,135,9
AAA,2013J,100123,5177,176,6
CCC,2013J,100578,5178,59,1
CCC,2013J,100578,5178,182,4
CCC,2013J,100578,5178,197,3
CCC,2013J,100578,5178,19,1
CCC,2013J,100578,5178,63,2
CCC,2013J,100578,5178,145,2
CCC,2013J,100578,5178,129,1
CCC,2014J,100009,5179,159,6
CCC,2014J,100009,5179,204,1
CCC,2014J,100009,5179,146,1
AAA,2013J,100810,5180,220,13
AAA,2013J,100810,5180,102,11
AAA,2013J,100810,5180,226,9
AAA,2013J,100810,5180,179,9
AAA,2013J,100810,5180,25,10
AAA,2013J,100810,5180,63,12
AAA,2013J,100810,5180,65,8
AAA,2013J,100810,5180,146,9
AAA,2013J,100810,5180,199,15
AAA,2013J,100810,5180,153,6
AAA,2013J,100810,5180,96,13
BBB,2014J,100368,5181,192,4
BBB,2014J,100368,5181,239,1
BBB,2014J,100368,5181,5,9
BBB,2014J,100368,5181,121,6
BBB,2014J,100368,5181,187,3
BBB,2014J,100368,5181,154,10
BBB,2014J,100368,5181,116,2
BBB,2014J,100368,5181,190,6
BBB,2014J,100368,5181,112,1
BBB,2014J,100368,5181,32,4
BBB,2014J,100368,5181,65,7
BBB,2014J,100368,5181,10,1
CCC,2013J,100580,5182,52,3
CCC,2013J,100580,5182,40,2
CCC,2013J,100580,5182,212,3
CCC,2013J,100580,5182,173,3
CCC,2013J,100580,5182,89,6
CCC,2013J,100580,5182,127,2
CCC,2013J,100580,5182,83,5
CCC,2014J,100117,5183,97,5
CCC,2014J,100117,5183,83,3
CCC,2014J,100117,5183,86,2
CCC,2014J,100117,5183,113,1
CCC,2014J,100117,5183,167,5
CCC,2013J,100704,5184,206,10
CCC,2013J,100704,5184,53,5
CCC,2013J,100704,5184,62,4
CCC,2013J,100704,5184,223,1
CCC,2013J,100704,5184,232,9
CCC,2013J,100704,5184,74,5
CCC,2013J,100704,5184,122,3
CCC,2013J,100704,5184,138,3
CCC,2013J,100704,5184,152,6
CCC,2013J,100704,5184,207,1
CCC,2014J,100661,5185,164,3
CCC,2014J,100661,5185,33,4
CCC,2014J,100661,5185,117,3
CCC,2014J,100661,5185,21,1
CCC,2014J,100661,5185,132,3
CCC,2014J,100661,5185,204,3
BBB,2014J,100846,5186,149,1
BBB,2014J,100846,5186,167,1
BBB,2013J,100000,5187,0,7
BBB,2013J,100000,5187,58,7
BBB,2013J,100000,5187,151,3
BBB,2013J,100000,5187,187,12
BBB,2013J,100000,5187,155,9
BBB,2013J,100000,5187,175,8
BBB,2013J,100000,5187,57,5
BBB,2013J,100000,5187,22,5
BBB,2013J,100000,5187,227,8
BBB,2013J,100000,5187,135,5
BBB,2013J,100000,5187,177,8
BBB,2013J,100000,5187,229,12
BBB,2013J,100000,5187,43,3
BBB,2013J,100000,5187,209,5
BBB,2013J,100356,5188,99,8
BBB,2013J,100356,5188,110,8
BBB,2013J,100356,5188,178,11
BBB,2013J,100356,5188,238,15
BBB,2013J,100356,5188,186,13
BBB,2013J,100356,5188,75,6
BBB,2013J,100356,5188,26,8
BBB,2013J,100356,5188,113,9
BBB,2013J,100356,5188,205,3
BBB,2013J,100356,5188,152,9
BBB,2013J,100356,5188,77,10
BBB,2013J,100356,5188,21,5
BBB,2013J,100356,5188,60,2
BBB,2013J,100356,5188,171,6
BBB,2013J,100356,5188,160,2
BBB,2013J,100356,5188,108,10
BBB,2013J,100356,5188,80,12
BBB,2013J,100356,5188,42,5
BBB,2013J,100356,5188,233,6
BBB,2013J,100356,5188,103,8
BBB,2013J,100356,5188,184,7
CCC,2013J,100675,5189,110,3
CCC,2013J,100675,5189,5,4
CCC,2013J,100675,5189,56,1
CCC,2013J,100675,5189,232,4
CCC,2013J,100675,5189,146,5
CCC,2013J,100675,5189,61,5
CCC,2013J,100675,5189,13,2
CCC,2013J,100675,5189,181,7
CCC,2013J,100675,5189,90,6
CCC,2013J,100675,5189,94,11
CCC,2013J,100675,5189,134,6
BBB,2013J,100175,5190,42,6
BBB,2013J,100175,5190,191,2
BBB,2013J,100175,5190,39,4
BBB,2013J,100175,5190,6,7
BBB,2013J,100175,5190,148,3
BBB,2014J,100012,5191,149,8
BBB,2014J,100012,5191,78,7
BBB,2014J,100012,5191,183,11
BBB,2014J,100012,5191,213,9
BBB,2014J,100012,5191,34,3
BBB,2014J,100012,5191,147,9
BBB,2014J,100012,5191,186,11
BBB,2014J,100012,5191,39,8
BBB,2014J,100012,5191,158,4
BBB,2014J,100012,5191,235,8
BBB,2014J,100012,5191,202,7
BBB,2014J,100012,5191,46,10
BBB,2014J,100012,5191,237,8
BBB,2014J,100012,5191,85,10
BBB,2014J,100012,5191,114,12
AAA,2014J,100308,5192,55,11
AAA,2014J,100308,5192,135,13
AAA,2014J,100308,5192,199,9
AAA,2014J,100308,5192,129,7
AAA,2014J,100308,5192,213,13
AAA,2014J,100308,5192,2,10
AAA,2014J,100308,5192,120,12
AAA,2014J,100308,5192,11,10
AAA,2014J,100308,5192,146,8
AAA,2014J,100308,5192,147,6
AAA,2014J,100308,5192,74,9
AAA,2014J,100308,5192,190,9
AAA,2014J,100308,5192,228,10
AAA,2014J,100308,5192,109,12
AAA,2014J,100308,5192,104,15
AAA,2014J,100308,5192,45,8
AAA,2014J,100308,5192,6,9
AAA,2014J,100308,5192,97,13
AAA,2014J,100308,5192,105,3
AAA,2014J,100308,5192,184,5
AAA,2014J,100308,5192,206,8
AAA,2014J,100308,5192,26,10
AAA,2014J,100308,5192,36,7
CCC,2013J,100029,5193,134,8
CCC,2013J,100029,5193,118,5
CCC,2013J,100029,5193,123,6
CCC,2013J,100029,5193,178,9
CCC,2013J,100029,5193,81,8
CCC,2013J,100029,5193,66,9
CCC,2013J,100029,5193,86,8
CCC,2013J,100029,5193,55,8
CCC,2013J,100029,5193,46,3
CCC,2013J,100029,5193,196,3
CCC,2013J,100029,5193,82,5
CCC,2013J,100029,5193,64,7
CCC,2013J,100029,5193,194,14
CCC,2013J,100029,5193,189,8
BBB,2013J,100295,5194,58,1
BBB,2013J,100065,5195,123,6
BBB,2013J,100065,5195,152,6
BBB,2013J,100065,5195,224,4
BBB,2013J,100065,5195,27,2
BBB,2013J,100065,5195,226,3
BBB,2013J,100065,5195,193,5
BBB,2013J,100065,5195,170,6
BBB,2013J,100065,5195,56,2
BBB,2013J,100065,5195,49,4
BBB,2013J,100065,5195,102,3
BBB,2013J,100065,5195,43,7
BBB,2013J,100065,5195,157,4
BBB,2013J,100065,5195,180,8
BBB,2013J,100250,5196,114,5
BBB,2013J,100250,5196,214,2
BBB,2013J,100250,5196,21,2
BBB,2013J,100250,5196,109,7
BBB,2013J,100250,5196,35,2
BBB,2013J,100250,5196,202,5
BBB,2013J,100250,5196,108,5
BBB,2013J,100250,5196,210,8
BBB,2013J,100250,5196,71,9
BBB,2013J,100250,5196,34,4
BBB,2013J,100250,5196,208,2
BBB,2013J,100250,5196,147,8
BBB,2013J,100250,5196,46,6
BBB,2013J,100250,5196,166,2
AAA,2013J,100315,5197,100,1
AAA,2013J,100315,5197,118,1
BBB,2013J,100697,5198,75,16
BBB,2013J,100697,5198,183,10
BBB,2013J,100697,5198,221,4
BBB,2013J,100697,5198,204,5
BBB,2013J,100697,5198,151,9
BBB,2013J,100697,5198,172,3
BBB,2013J,100697,5198,207,4
BBB,2013J,100697,5198,235,8
CCC,2014J,100439,5199,173,14
CCC,2014J,100439,5199,127,8
CCC,2014J,100439,5199,200,11
CCC,2014J,100439,5199,159,12
CCC,2014J,100439,5199,127,10
CCC,2014J,100439,5199,44,15
CCC,2014J,100439,5199,69,8
CCC,2014J,100439,5199,187,13
CCC,2014J,100439,5199,185,8
CCC,2014J,100439,5199,208,13
CCC,2014J,100439,5199,126,14
CCC,2014J,100439,5199,65,10
CCC,2014J,100439,5199,120,13
CCC,2014J,100439,5199,215,12
CCC,2014J,100439,5199,43,14
CCC,2014J,100439,5199,203,9
CCC,2014J,100439,5199,238,16
CCC,2014J,100439,5199,196,15
CCC,2014J,100439,5199,158,13
CCC,2014J,100439,5199,98,8
CCC,2014J,100439,5199,205,13
BBB,2013J,100404,5200,159,8
BBB,2013J,100404,5200,82,10
BBB,2013J,100404,5200,144,6
BBB,2013J,100404,5200,95,5
BBB,2013J,100404,5200,146,9
BBB,2013J,100404,5200,178,4
BBB,2013J,100404,5200,75,7
BBB,2013J,100404,5200,2,7
BBB,2013J,100404,5200,23,3
BBB,2013J,100404,5200,217,5
BBB,2013J,100404,5200,230,10
BBB,2013J,100404,5200,166,3
BBB,2013J,100404,5200,25,6
BBB,2013J,100404,5200,140,10
BBB,2013J,100404,5200,103,6
AAA,2013J,100536,5201,56,9
AAA,2013J,100536,5201,160,9
AAA,2013J,100536,5201,211,11
AAA,2013J,100536,5201,18,9
AAA,2013J,100536,5201,235,9
AAA,2013J,100536,5201,214,8
AAA,2013J,100536,5201,230,12
AAA,2013J,100536,5201,119,2
AAA,2013J,100536,5201,205,6
AAA,2013J,100536,5201,19,9
AAA,2013J,100536,5201,99,12
AAA,2013J,100536,5201,211,6
AAA,2013J,100536,5201,65,7
AAA,2013J,100536,5201,183,8
AAA,2013J,100536,5201,76,5
AAA,2013J,100536,5201,141,7
AAA,2013J,100536,5201,156,2
AAA,2013J,100536,5201,210,6
AAA,2013J,100536,5201,82,11
AAA,2013J,100536,5201,188,4
AAA,2013J,100536,5201,104,10
BBB,2014J,100305,5202,113,10
BBB,2014J,100305,5202,52,5
BBB,2014J,100305,5202,154,3
BBB,2014J,100305,5202,56,4
BBB,2014J,100305,5202,111,6
BBB,2014J,100305,5202,229,5
AAA,2013J,100757,5203,65,8
AAA,2013J,100757,5203,175,5
AAA,2013J,100757,5203,176,4
AAA,2013J,100757,5203,191,6
AAA,2013J,100757,5203,34,5
AAA,2013J,100757,5203,26,2
BBB,2013J,100643,5204,115,4
BBB,2013J,100643,5204,70,8
BBB,2013J,100643,5204,7,1
BBB,2013J,100643,5204,114,10
BBB,2013J,100643,5204,112,2
BBB,2013J,100643,5204,225,3
BBB,2013J,100643,5204,195,8
BBB,2013J,100643,5204,64,6
BBB,2013J,100643,5204,26,2
BBB,2013J,100566,5205,189,2
BBB,2013J,100566,5205,41,4
BBB,2013J,100566,5205,27,6
BBB,2013J,100566,5205,131,3
AAA,2013J,100475,5206,103,1
AAA,2013J,100475,5206,14,2
AAA,2013J,100475,5206,170,1
CCC,2013J,100883,5207,221,2
CCC,2013J,100883,5207,102,14
CCC,2013J,100883,5207,63,10
CCC,2013J,100883,5207,168,4
CCC,2013J,100883,5207,30,12
CCC,2013J,100883,5207,236,11
CCC,2013J,100883,5207,164,10
CCC,2013J,100883,5207,75,11
CCC,2013J,100883,5207,19,4
CCC,2013J,100883,5207,140,15
CCC,2013J,100883,5207,140,4
CCC,2013J,100883,5207,190,8
CCC,2013J,100883,5207,68,4
CCC,2013J,100883,5207,50,3
CCC,2013J,100883,5207,99,10
CCC,2013J,100883,5207,196,10
CCC,2013J,100883,5207,217,7
CCC,2013J,100883,5207,85,9
AAA,2014J,100088,5208,78,7
AAA,2014J,100088,5208,146,7
AAA,2014J,100088,5208,58,10
AAA,2014J,100088,5208,67,8
AAA,2014J,100088,5208,17,7
AAA,2014J,100088,5208,23,7
AAA,2014J,100088,5208,32,7
AAA,2014J,100088,5208,45,9
AAA,2014J,100088,5208,172,5
AAA,2014J,100088,5208,51,3
AAA,2014J,100088,5208,85,15
AAA,2014J,100088,5208,41,11
AAA,2014J,100088,5208,101,15
AAA,2014J,100088,5208,58,14
AAA,2014J,100088,5208,78,9
AAA,2014J,100088,5208,16,11
AAA,2014J,100088,5208,121,8
AAA,2014J,100088,5208,64,7
CCC,2013J,100454,5209,83,2
CCC,2014J,100265,5210,225,6
CCC,2014J,100265,5210,28,8
CCC,2014J,100265,5210,33,7
CCC,2014J,100265,5210,233,8
CCC,2014J,100265,5210,45,8
CCC,2014J,100265,5210,147,4
CCC,2014J,100265,5210,55,5
CCC,2014J,100265,5210,159,5
CCC,2014J,100265,5210,112,8
CCC,2014J,100265,5210,25,8
CCC,2014J,100265,5210,89,8
CCC,2014J,100265,5210,175,11
CCC,2014J,100265,5210,192,6
AAA,2014J,100584,5211,117,3
AAA,2014J,100584,5211,153,4
AAA,2014J,100584,5211,51,5
AAA,2014J,100584,5211,72,4
BBB,2013J,100232,5212,227,5
BBB,2013J,100232,5212,164,4
BBB,2013J,100232,5212,218,9
BBB,2013J,100232,5212,80,5
BBB,2013J,100232,5212,228,6
BBB,2013J,100232,5212,67,7
BBB,2013J,100232,5212,74,2
AAA,2013J,100652,5213,71,4
AAA,2013J,100652,5213,213,3
AAA,2013J,100652,5213,8,5
AAA,2013J,100652,5213,163,6
AAA,2013J,100652,5213,84,6
AAA,2013J,100652,5213,46,11
AAA,2013J,100652,5213,52,7
AAA,2013J,100652,5213,9,8
AAA,2013J,100162,5214,31,10
AAA,2013J,100162,5214,4,11
AAA,2013J,100162,5214,170,13
AAA,2013J,100162,5214,177,5
AAA,2013J,100162,5214,39,8
AAA,2013J,100162,5214,181,11
AAA,2013J,100162,5214,95,6
AAA,2013J,100162,5214,175,7
AAA,2013J,100162,5214,201,7
AAA,2013J,100162,5214,168,2
AAA,2013J,100162,5214,225,6
AAA,2013J,100162,5214,18,7
AAA,2013J,100162,5214,77,7
AAA,2013J,100162,5214,14,9
AAA,2013J,100162,5214,41,9
AAA,2013J,100162,5214,89,2
AAA,2013J,100162,5214,5,9
AAA,2013J,100162,5214,95,9
AAA,2013J,100162,5214,30,12
CCC,2013J,100011,5215,208,3
CCC,2013J,100011,5215,43,4
CCC,2013J,100011,5215,100,6
CCC,2013J,100011,5215,181,3
CCC,2013J,100011,5215,42,4
CCC,2013J,100011,5215,56,3
CCC,2013J,100011,5215,152,6
CCC,2014J,100355,5216,150,10
CCC,2014J,100355,5216,126,7
CCC,2014J,100355,5216,108,6
CCC,2014J,100355,5216,133,6
CCC,2014J,100355,5216,139,6
CCC,2014J,100355,5216,102,9
CCC,2014J,100355,5216,207,6
CCC,2014J,100355,5216,37,3
CCC,2014J,100355,5216,89,5
CCC,2014J,100355,5216,95,17
CCC,2014J,100355,5216,23,6
CCC,2014J,100355,5216,21,12
AAA,2014J,100237,5217,213,5
AAA,2014J,100237,5217,81,4
AAA,2014J,100237,5217,5,7
AAA,2014J,100237,5217,114,5
AAA,2014J,100237,5217,34,1
AAA,2014J,100237,5217,10,4
AAA,2014J,100237,5217,50,4
AAA,2014J,100237,5217,46,10
AAA,2014J,100237,5217,150,6
AAA,2013J,100081,5218,15,7
AAA,2013J,100081,5218,133,7
AAA,2013J,100081,5218,137,5
AAA,2013J,100081,5218,224,3
AAA,2013J,100081,5218,112,6
AAA,2013J,100081,5218,122,6
AAA,2013J,100081,5218,192,7
AAA,2013J,100081,5218,64,5
AAA,2013J,100081,5218,16,5
AAA,2013J,100081,5218,113,6
AAA,2013J,100081,5218,146,4
AAA,2013J,100081,5218,117,6
AAA,2013J,100081,5218,169,5
BBB,2013J,100184,5219,60,14
BBB,2013J,100184,5219,238,12
BBB,2013J,100184,5219,38,15
BBB,2013J,100184,5219,179,18
BBB,2013J,100184,5219,207,10
BBB,2013J,100184,5219,140,12
BBB,2013J,100184,5219,159,9
BBB,2013J,100184,5219,121,8
BBB,2013J,100184,5219,36,10
BBB,2013J,100184,5219,235,12
BBB,2013J,100184,5219,69,15
BBB,2013J,100184,5219,92,9
BBB,2013J,100184,5219,233,11
BBB,2013J,100184,5219,13,12
BBB,2013J,100184,5219,97,6
BBB,2013J,100184,5219,133,16
BBB,2013J,100184,5219,56,10
BBB,2013J,100184,5219,160,8
BBB,2013J,100184,5219,125,14
BBB,2013J,100184,5219,62,18
BBB,2013J,100184,5219,49,6
BBB,2013J,100184,5219,68,8
BBB,2013J,100184,5219,190,9
BBB,2013J,100184,5219,125,13
AAA,2014J,100503,5220,190,4
AAA,2014J,100503,5220,59,3
AAA,2014J,100503,5220,63,5
AAA,2014J,100503,5220,123,8
AAA,2014J,100503,5220,195,4
AAA,2014J,100503,5220,115,4
AAA,2014J,100503,5220,44,8
AAA,2014J,100503,5220,133,2
AAA,2014J,100503,5220,52,4
AAA,2014J,100503,5220,162,6
AAA,2014J,100503,5220,234,6
AAA,2014J,100503,5220,151,8
AAA,2014J,100503,5220,218,6
AAA,2014J,100503,5220,130,6
AAA,2014J,100503,5220,195,4
AAA,2014J,100503,5220,225,5
AAA,2014J,100428,5221,41,8
AAA,2014J,100428,5221,153,8
AAA,2014J,100428,5221,96,9
AAA,2014J,100428,5221,65,12
AAA,2014J,100428,5221,50,5
AAA,2014J,100428,5221,125,6
AAA,2014J,100428,5221,34,7
AAA,2014J,100428,5221,161,8
AAA,2014J,100428,5221,212,6
AAA,2014J,100428,5221,88,5
AAA,2014J,100428,5221,137,4
AAA,2014J,100428,5221,234,4
AAA,2014J,100428,5221,169,6
AAA,2014J,100428,5221,96,7
AAA,2014J,100428,5221,211,7
AAA,2014J,100428,5221,10,6
AAA,2014J,100428,5221,141,5
BBB,2013J,100763,5222,74,1
AAA,2013J,100001,5223,181,1
CCC,2013J,100367,5224,71,6
CCC,2013J,100367,5224,122,9
CCC,2013J,100367,5224,22,7
CCC,2013J,100367,5224,125,10
CCC,2013J,100367,5224,174,12
CCC,2013J,100367,5224,109,7
CCC,2013J,100367,5224,166,10
CCC,2013J,100367,5224,153,12
CCC,2013J,100367,5224,119,9
CCC,2013J,100367,5224,233,8
CCC,2013J,100367,5224,146,6
CCC,2013J,100367,5224,193,11
CCC,2013J,100367,5224,153,6
CCC,2013J,100367,5224,230,7
CCC,2013J,100367,5224,103,9
CCC,2013J,100367,5224,45,8
CCC,2013J,100654,5225,134,4
CCC,2013J,100654,5225,161,5
CCC,2013J,100654,5225,103,5
CCC,2013J,100654,5225,19,5
CCC,2013J,100654,5225,16,6
CCC,2013J,100654,5225,90,5
CCC,2013J,100654,5225,10,2
CCC,2013J,100654,5225,209,4
CCC,2013J,100654,5225,39,6
CCC,2013J,100654,5225,7,2
AAA,2013J,100164,5226,20,10
AAA,2013J,100164,5226,226,7
AAA,2013J,100164,5226,60,4
AAA,2013J,100164,5226,102,7
AAA,2013J,100164,5226,188,8
AAA,2013J,100164,5226,201,6
AAA,2013J,100164,5226,68,3
AAA,2013J,100164,5226,53,5
AAA,2013J,100164,5226,104,12
AAA,2013J,100164,5226,81,7
AAA,2013J,100164,5226,168,8
AAA,2013J,100164,5226,174,7
AAA,2013J,100164,5226,62,5
AAA,2013J,100164,5226,91,11
AAA,2013J,100164,5226,175,5
AAA,2013J,100164,5226,121,11
AAA,2013J,100164,5226,132,5
CCC,2013J,100536,5227,194,4
CCC,2013J,100536,5227,159,3
CCC,2013J,100536,5227,72,1
CCC,2013J,100536,5227,179,1
CCC,2013J,100739,5228,160,5
CCC,2013J,100739,5228,181,7
CCC,2013J,100739,5228,30,8
CCC,2013J,100739,5228,218,4
CCC,2013J,100739,5228,20,9
CCC,2013J,100739,5228,203,4
CCC,2013J,100739,5228,35,14
AAA,2013J,100404,5229,235,4
AAA,2013J,100404,5229,101,1
AAA,2013J,100404,5229,170,5
AAA,2013J,100404,5229,184,4
AAA,2013J,100404,5229,212,5
CCC,2014J,100067,5230,120,5
CCC,2014J,100067,5230,44,4
CCC,2014J,100067,5230,199,7
CCC,2014J,100067,5230,74,5
CCC,2014J,100067,5230,156,5
CCC,2014J,100067,5230,138,3
CCC,2014J,100067,5230,141,3
CCC,2014J,100067,5230,72,6
CCC,2014J,100067,5230,20,4
CCC,2014J,100067,5230,153,3
CCC,2014J,100067,5230,104,4
CCC,2014J,100067,5230,234,5
CCC,2014J,100067,5230,213,2
CCC,2014J,100067,5230,17,5
BBB,2014J,100830,5231,86,9
BBB,2014J,100830,5231,156,10
BBB,2014J,100830,5231,97,10
BBB,2014J,100830,5231,186,8
BBB,2014J,100830,5231,0,9
BBB,2014J,100830,5231,45,8
BBB,2014J,100830,5231,57,6
BBB,2014J,100830,5231,133,4
BBB,2014J,100830,5231,233,8
BBB,2014J,100830,5231,215,11
BBB,2014J,100830,5231,109,5
BBB,2014J,100830,5231,0,7
BBB,2014J,100830,5231,208,10
BBB,2014J,100830,5231,137,6
BBB,2014J,100830,5231,5,4
BBB,2014J,100830,5231,154,8
BBB,2014J,100830,5231,211,5
BBB,2014J,100830,5231,209,13
CCC,2013J,100378,5232,213,1
CCC,2013J,100378,5232,157,1
BBB,2013J,100533,5233,105,1
BBB,2013J,100533,5233,115,1
BBB,2013J,100533,5233,120,1
BBB,2013J,100533,5233,184,1
BBB,2013J,100533,5233,111,2
CCC,2014J,100242,5234,66,1
CCC,2014J,100242,5234,232,3
CCC,2014J,100242,5234,219,3
AAA,2014J,100408,5235,151,8
AAA,2014J,100408,5235,165,4
AAA,2014J,100408,5235,195,7
AAA,2014J,100408,5235,89,4
AAA,2014J,100408,5235,51,12
AAA,2014J,100408,5235,3,4
AAA,2014J,100408,5235,205,9
AAA,2014J,100408,5235,195,9
AAA,2014J,100408,5235,228,11
AAA,2014J,100408,5235,179,8
AAA,2014J,100408,5235,51,9
AAA,2014J,100408,5235,57,7
AAA,2014J,100408,5235,58,7
AAA,2014J,100408,5235,109,7
AAA,2014J,100408,5235,231,8
AAA,2013J,100426,5236,136,8
AAA,2013J,100426,5236,198,3
AAA,2013J,100426,5236,60,10
AAA,2013J,100426,5236,237,6
AAA,2013J,100426,5236,103,7
AAA,2013J,100426,5236,187,7
AAA,2013J,100426,5236,71,4
AAA,2013J,100426,5236,33,11
AAA,2013J,100426,5236,123,5
AAA,2013J,100426,5236,132,5
AAA,2013J,100426,5236,114,9
AAA,2013J,100865,5237,97,3
AAA,2013J,100865,5237,81,1
AAA,2013J,100865,5237,111,6
AAA,2013J,100865,5237,102,1
AAA,2013J,100865,5237,228,4
BBB,2014J,100156,5238,220,6
BBB,2014J,100156,5238,132,3
BBB,2014J,100156,5238,0,3
BBB,2014J,100156,5238,72,1
BBB,2014J,100156,5238,34,2
BBB,2014J,100156,5238,194,2
BBB,2014J,100156,5238,98,3
BBB,2014J,100156,5238,111,2
CCC,2014J,100506,5239,211,2
CCC,2014J,100506,5239,188,3
CCC,2014J,100506,5239,43,2
BBB,2013J,100626,5240,23,6
BBB,2013J,100626,5240,175,2
BBB,2013J,100626,5240,182,12
BBB,2013J,100626,5240,96,4
BBB,2013J,100626,5240,122,3
BBB,2013J,100626,5240,2,4
BBB,2013J,100626,5240,207,1
BBB,2013J,100626,5240,186,1
BBB,2013J,100626,5240,233,1
BBB,2013J,100626,5240,143,3
CCC,2014J,100827,5241,55,8
CCC,2014J,100827,5241,199,6
CCC,2014J,100827,5241,84,7
CCC,2014J,100827,5241,226,9
CCC,2014J,100827,5241,136,9
CCC,2014J,100827,5241,192,6
CCC,2014J,100827,5241,161,6
CCC,2014J,100827,5241,221,5
CCC,2014J,100827,5241,134,4
CCC,2014J,100827,5241,203,9
CCC,2014J,100827,5241,223,9
CCC,2014J,100827,5241,182,6
CCC,2014J,100827,5241,84,8
CCC,2014J,100827,5241,21,9
CCC,2014J,100827,5241,98,7
CCC,2014J,100827,5241,166,7
CCC,2014J,100827,5241,206,6
CCC,2014J,100827,5241,184,5
CCC,2013J,100446,5242,152,3
CCC,2013J,100446,5242,61,1
CCC,2013J,100446,5242,170,5
CCC,2013J,100446,5242,57,4
CCC,2013J,100446,5242,145,1
AAA,2014J,100642,5243,39,13
AAA,2014J,100642,5243,52,7
AAA,2014J,100642,5243,210,11
AAA,2014J,100642,5243,37,5
AAA,2014J,100642,5243,153,8
AAA,2014J,100642,5243,81,7
AAA,2014J,100642,5243,128,8
AAA,2014J,100642,5243,217,5
AAA,2014J,100642,5243,205,10
AAA,2014J,100642,5243,19,4
AAA,2014J,100642,5243,21,7
AAA,2014J,100642,5243,85,15
AAA,2014J,100642,5243,194,9
AAA,2014J,100642,5243,182,8
AAA,2014J,100642,5243,148,13
AAA,2014J,100642,5243,207,7
AAA,2014J,100642,5243,43,13
AAA,2014J,100642,5243,176,6
AAA,2014J,100642,5243,232,4
AAA,2014J,100642,5243,231,5
AAA,2013J,100375,5244,131,1
AAA,2013J,100375,5244,189,1
AAA,2013J,100375,5244,121,1
AAA,2013J,100375,5244,174,3
BBB,2013J,100583,5245,72,4
BBB,2013J,100583,5245,166,5
BBB,2013J,100583,5245,189,2
BBB,2013J,100583,5245,148,1
BBB,2013J,100583,5245,61,1
BBB,2014J,100295,5246,172,17
BBB,2014J,100295,5246,10,5
BBB,2014J,100295,5246,206,5
BBB,2014J,100295,5246,123,4
BBB,2014J,100295,5246,115,10
BBB,2014J,100295,5246,75,7
BBB,2014J,100295,5246,172,12
BBB,2014J,100295,5246,75,13
BBB,2014J,100295,5246,134,6
BBB,2014J,100295,5246,31,14
BBB,2014J,100295,5246,73,5
BBB,2014J,100295,5246,6,10
BBB,2014J,100295,5246,68,8
BBB,2013J,100245,5247,3,4
BBB,2013J,100245,5247,204,3
BBB,2013J,100245,5247,43,1
BBB,2013J,100245,5247,71,1
BBB,2013J,100245,5247,165,2
BBB,2013J,100245,5247,128,5
BBB,2013J,100245,5247,48,3
BBB,2013J,100245,5247,56,5
CCC,2013J,100068,5248,111,7
CCC,2013J,100068,5248,73,7
CCC,2013J,100068,5248,214,16
CCC,2013J,100068,5248,183,8
CCC,2013J,100068,5248,34,4
CCC,2013J,100068,5248,120,11
CCC,2013J,100068,5248,183,13
CCC,2013J,100068,5248,157,6
CCC,2013J,100068,5248,2,5
CCC,2013J,100068,5248,1,7
CCC,2013J,100068,5248,140,7
AAA,2014J,100665,5249,221,12
AAA,2014J,100665,5249,157,12
AAA,2014J,100665,5249,113,9
AAA,2014J,100665,5249,102,8
AAA,2014J,100665,5249,203,7
AAA,2014J,100665,5249,93,10
AAA,2014J,100665,5249,183,12
AAA,2014J,100665,5249,213,5
AAA,2014J,100665,5249,38,14
AAA,2014J,100665,5249,178,13
CCC,2014J,100489,5250,17,2
CCC,2014J,100489,5250,184,2
AAA,2013J,100384,5251,155,8
AAA,2013J,100384,5251,16,4
AAA,2013J,100384,5251,114,4
AAA,2013J,100384,5251,172,5
AAA,2013J,100384,5251,50,5
AAA,2013J,100384,5251,226,2
AAA,2013J,100384,5251,36,1
AAA,2013J,100384,5251,167,3
AAA,2013J,100384,5251,56,7
BBB,2014J,100801,5252,106,1
BBB,2014J,100801,5252,224,5
BBB,2014J,100801,5252,17,7
BBB,2014J,100801,5252,55,2
BBB,2014J,100801,5252,67,3
BBB,2014J,100801,5252,218,2
BBB,2014J,100057,5253,225,3
BBB,2014J,100057,5253,175,1
BBB,2014J,100057,5253,194,1
BBB,2014J,100057,5253,134,2
BBB,2014J,100057,5253,100,1
CCC,2013J,100202,5254,73,3
CCC,2013J,100202,5254,180,4
CCC,2013J,100202,5254,84,4
CCC,2013J,100202,5254,97,2
CCC,2013J,100202,5254,156,4
CCC,2013J,100202,5254,138,3
AAA,2014J,100724,5255,198,1
AAA,2014J,100724,5255,61,4
AAA,2014J,100724,5255,80,2
AAA,2014J,100724,5255,51,4
AAA,2014J,100724,5255,161,3
AAA,2014J,100724,5255,60,3
AAA,2014J,100724,5255,119,3
AAA,2014J,100818,5256,111,6
AAA,2014J,100818,5256,31,6
AAA,2014J,100818,5256,169,6
AAA,2014J,100818,5256,41,6
AAA,2014J,100818,5256,208,4
AAA,2014J,100818,5256,88,12
AAA,2014J,100818,5256,0,12
AAA,2014J,100818,5256,70,17
AAA,2014J,100818,5256,199,6
BBB,2014J,100244,5257,220,5
BBB,2014J,100244,5257,213,11
BBB,2014J,100244,5257,187,5
BBB,2014J,100244,5257,8,8
BBB,2014J,100244,5257,168,8
BBB,2014J,100244,5257,175,9
BBB,2014J,100244,5257,132,9
BBB,2014J,100244,5257,149,2
BBB,2014J,100244,5257,19,6
BBB,2014J,100244,5257,62,11
BBB,2014J,100244,5257,207,12
BBB,2014J,100244,5257,0,6
BBB,2014J,100244,5257,236,13
BBB,2014J,100244,5257,53,7
BBB,2014J,100244,5257,186,9
BBB,2014J,100244,5257,52,5
BBB,2014J,100673,5258,8,2
BBB,2014J,100673,5258,81,9
BBB,2014J,100673,5258,116,4
BBB,2014J,100673,5258,75,2
BBB,2014J,100673,5258,82,2
BBB,2014J,100673,5258,222,3
BBB,2014J,100673,5258,36,5
AAA,2013J,100708,5259,232,1
AAA,2013J,100708,5259,48,3
AAA,2013J,100708,5259,193,3
AAA,2013J,100708,5259,14,5
AAA,2013J,100708,5259,157,4
AAA,2013J,100708,5259,108,1
AAA,2013J,100708,5259,129,4
AAA,2013J,100708,5259,188,3
AAA,2014J,100798,5260,60,6
AAA,2014J,100798,5260,73,10
AAA,2014J,100798,5260,51,8
AAA,2014J,100798,5260,124,3
AAA,2014J,100798,5260,95,6
AAA,2014J,100798,5260,176,3
AAA,2014J,100798,5260,84,6
AAA,2014J,100798,5260,165,4
AAA,2014J,100798,5260,126,3
AAA,2014J,100798,5260,84,2
AAA,2014J,100798,5260,197,5
AAA,2014J,100165,5261,176,1
AAA,2014J,100165,5261,201,1
AAA,2014J,100165,5261,2,2
BBB,2014J,100310,5262,154,6
BBB,2014J,100310,5262,94,7
BBB,2014J,100310,5262,109,8
BBB,2014J,100310,5262,237,9
BBB,2014J,100310,5262,155,6
BBB,2014J,100310,5262,10,2
BBB,2014J,100310,5262,86,8
BBB,2014J,100310,5262,12,8
BBB,2014J,100645,5263,190,3
BBB,2014J,100645,5263,111,4
BBB,2014J,100645,5263,210,4
BBB,2014J,100645,5263,113,5
BBB,2014J,100645,5263,194,4
BBB,2014J,100645,5263,60,5
BBB,2014J,100645,5263,135,5
BBB,2013J,100071,5264,147,2
BBB,2013J,100071,5264,40,2
BBB,2013J,100071,5264,183,1
CCC,2013J,100338,5265,123,1
CCC,2013J,100338,5265,164,1
CCC,2013J,100338,5265,132,1
CCC,2013J,100338,5265,12,1
CCC,2013J,100338,5265,10,1
AAA,2013J,100718,5266,33,8
AAA,2013J,100718,5266,188,15
AAA,2013J,100718,5266,154,7
AAA,2013J,100718,5266,142,10
AAA,2013J,100718,5266,166,4
AAA,2013J,100718,5266,225,8
AAA,2013J,100718,5266,31,10
AAA,2013J,100718,5266,127,13
AAA,2013J,100718,5266,46,7
AAA,2013J,100718,5266,108,6
AAA,2013J,100718,5266,215,5
AAA,2013J,100718,5266,151,14
AAA,2013J,100718,5266,152,9
AAA,2013J,100718,5266,23,6
AAA,2013J,100718,5266,194,13
CCC,2014J,100309,5267,227,8
CCC,2014J,100309,5267,202,7
CCC,2014J,100309,5267,130,3
CCC,2014J,100309,5267,7,5
CCC,2014J,100309,5267,104,5
CCC,2014J,100309,5267,38,3
CCC,2014J,100309,5267,87,3
CCC,2014J,100309,5267,75,6
CCC,2014J,100309,5267,171,4
CCC,2014J,100309,5267,177,3
CCC,2014J,100028,5268,164,6
CCC,2014J,100028,5268,85,14
CCC,2014J,100028,5268,145,7
CCC,2014J,100028,5268,38,5
CCC,2014J,100028,5268,43,8
CCC,2014J,100028,5268,23,8
CCC,2014J,100028,5268,102,7
CCC,2014J,100028,5268,148,9
CCC,2014J,100028,5268,122,5
CCC,2014J,100028,5268,133,9
CCC,2014J,100028,5268,39,10
CCC,2014J,100028,5268,155,11
CCC,2014J,100028,5268,132,3
CCC,2014J,100028,5268,229,4
CCC,2014J,100028,5268,59,11
AAA,2014J,100362,5269,14,5
AAA,2014J,100362,5269,128,2
AAA,2014J,100362,5269,50,2
AAA,2014J,100362,5269,26,2
AAA,2014J,100362,5269,84,2
AAA,2013J,100636,5270,24,2
AAA,2013J,100636,5270,67,4
AAA,2013J,100636,5270,100,6
AAA,2013J,100636,5270,116,1
AAA,2013J,100636,5270,183,3
AAA,2013J,100636,5270,197,1
AAA,2014J,100182,5271,189,10
AAA,2014J,100182,5271,104,8
AAA,2014J,100182,5271,161,12
AAA,2014J,100182,5271,232,15
AAA,2014J,100182,5271,194,10
AAA,2014J,100182,5271,163,6
AAA,2014J,100182,5271,198,12
AAA,2014J,100182,5271,47,10
AAA,2014J,100182,5271,191,10
AAA,2014J,100182,5271,239,11
AAA,2014J,100182,5271,233,16
AAA,2014J,100182,5271,61,13
AAA,2014J,100182,5271,102,14
AAA,2014J,100182,5271,164,12
AAA,2014J,100182,5271,17,10
AAA,2014J,100182,5271,163,7
AAA,2014J,100182,5271,66,7
AAA,2014J,100182,5271,203,10
AAA,2014J,100182,5271,147,10
AAA,2014J,100182,5271,95,16
AAA,2014J,100182,5271,12,7
AAA,2014J,100182,5271,167,12
AAA,2014J,100182,5271,128,9
AAA,2014J,100182,5271,150,14
AAA,2013J,100824,5272,138,2
AAA,2013J,100824,5272,184,1
AAA,2014J,100591,5273,1,10
AAA,2014J,100591,5273,131,9
AAA,2014J,100591,5273,5,4
AAA,2014J,100591,5273,6,7
AAA,2014J,100591,5273,37,8
AAA,2014J,100591,5273,117,12
AAA,2014J,100591,5273,179,8
AAA,2014J,100591,5273,98,10
AAA,2014J,100591,5273,186,9
AAA,2014J,100591,5273,128,11
AAA,2014J,100591,5273,214,6
AAA,2014J,100591,5273,90,9
AAA,2014J,100591,5273,72,7
AAA,2014J,100591,5273,18,8
AAA,2014J,100591,5273,52,10
AAA,2014J,100591,5273,10,11
AAA,2014J,100591,5273,41,8
AAA,2014J,100591,5273,227,10
AAA,2014J,100591,5273,130,8
AAA,2014J,100591,5273,144,11
AAA,2014J,100591,5273,92,6
AAA,2013J,100020,5274,154,1
AAA,2013J,100020,5274,114,5
AAA,2013J,100020,5274,163,1
BBB,2013J,100846,5275,114,3
BBB,2013J,100846,5275,11,3
BBB,2013J,100846,5275,72,7
BBB,2013J,100846,5275,64,3
BBB,2013J,100846,5275,63,6
BBB,2013J,100846,5275,54,3
CCC,2013J,100407,5276,154,1
CCC,2013J,100407,5276,65,1
CCC,2013J,100407,5276,221,3
CCC,2013J,100407,5276,34,2
CCC,2013J,100407,5276,60,2
CCC,2013J,100407,5276,30,1
AAA,2013J,100760,5277,74,4
AAA,2013J,100760,5277,21,7
AAA,2013J,100760,5277,197,3
AAA,2013J,100760,5277,21,4
AAA,2013J,100760,5277,128,7
AAA,2013J,100760,5277,74,4
AAA,2013J,100760,5277,217,3
AAA,2013J,100760,5277,159,7
AAA,2013J,100760,5277,16,6
AAA,2013J,100760,5277,147,3
AAA,2013J,100760,5277,39,5
AAA,2013J,100760,5277,134,3
AAA,2013J,100760,5277,58,5
AAA,2013J,100760,5277,179,8
AAA,2013J,100760,5277,113,2
AAA,2013J,100760,5277,101,3
CCC,2013J,100030,5278,213,1
CCC,2014J,100368,5279,110,2
CCC,2014J,100368,5279,191,3
CCC,2014J,100368,5279,174,4
CCC,2014J,100368,5279,179,7
CCC,2014J,100368,5279,227,6
CCC,2014J,100368,5279,49,1
CCC,2014J,100368,5279,19,13
CCC,2014J,100368,5279,29,2
CCC,2014J,100368,5279,8,4
CCC,2014J,100368,5279,70,3
CCC,2014J,100368,5279,33,4
BBB,2013J,100368,5280,54,3
BBB,2013J,100368,5280,51,3
BBB,2013J,100368,5280,123,1
BBB,2013J,100368,5280,209,2
CCC,2013J,100692,5281,74,2
CCC,2013J,100692,5281,228,3
CCC,2013J,100692,5281,107,5
CCC,2014J,100463,5282,6,3
CCC,2014J,100463,5282,80,4
CCC,2014J,100463,5282,73,3
BBB,2013J,100447,5283,117,2
BBB,2013J,100447,5283,193,1
BBB,2013J,100447,5283,184,3
BBB,2013J,100447,5283,5,3
BBB,2013J,100447,5283,237,5
BBB,2013J,100447,5283,68,7
BBB,2013J,100447,5283,54,5
BBB,2013J,100447,5283,85,7
BBB,2013J,100579,5284,27,1
BBB,2013J,100579,5284,2,4
BBB,2013J,100579,5284,94,1
BBB,2013J,100579,5284,34,4
BBB,2013J,100579,5284,26,1
BBB,2013J,100579,5284,20,1
BBB,2013J,100579,5284,65,1
BBB,2013J,100579,5284,42,1
BBB,2013J,100579,5284,34,2
BBB,2013J,100579,5284,73,5
BBB,2013J,100579,5284,61,4
BBB,2013J,100382,5285,232,5
BBB,2013J,100382,5285,103,2
BBB,2013J,100382,5285,196,5
BBB,2013J,100382,5285,203,3
BBB,2013J,100382,5285,75,2
BBB,2013J,100867,5286,147,6
BBB,2013J,100867,5286,191,1
BBB,2013J,100867,5286,108,1
BBB,2013J,100867,5286,237,3
BBB,2013J,100867,5286,39,2
BBB,2013J,100867,5286,50,5
BBB,2013J,100867,5286,72,4
BBB,2013J,100867,5286,232,5
BBB,2013J,100867,5286,128,4
BBB,2013J,100867,5286,64,3
BBB,2013J,100867,5286,231,3
BBB,2013J,100867,5286,99,4
BBB,2013J,100867,5286,63,5
BBB,2013J,100867,5286,217,1
BBB,2013J,100867,5286,37,6
AAA,2013J,100116,5287,230,3
AAA,2013J,100116,5287,227,4
CCC,2013J,100251,5288,5,6
CCC,2013J,100251,5288,115,6
CCC,2013J,100251,5288,117,5
CCC,2013J,100251,5288,102,7
CCC,2013J,100251,5288,239,5
CCC,2013J,100251,5288,227,5
CCC,2013J,100251,5288,17,8
CCC,2013J,100251,5288,195,12
CCC,2013J,100251,5288,80,5
BBB,2014J,100169,5289,178,6
BBB,2014J,100169,5289,27,13
BBB,2014J,100169,5289,217,7
BBB,2014J,100169,5289,27,12
BBB,2014J,100169,5289,152,7
BBB,2014J,100169,5289,50,11
BBB,2014J,100169,5289,221,14
BBB,2014J,100169,5289,142,8
BBB,2014J,100169,5289,226,11
BBB,2014J,100169,5289,223,9
BBB,2014J,100169,5289,64,7
BBB,2014J,100169,5289,57,11
BBB,2014J,100169,5289,27,5
BBB,2014J,100169,5289,172,9
CCC,2014J,100346,5290,157,3
CCC,2014J,100346,5290,110,2
CCC,2014J,100346,5290,199,1
CCC,2014J,100346,5290,118,3
CCC,2014J,100346,5290,153,4
CCC,2014J,100346,5290,174,4
CCC,2014J,100346,5290,197,3
CCC,2014J,100346,5290,173,5
BBB,2014J,100400,5291,152,5
BBB,2014J,100400,5291,192,4
BBB,2014J,100400,5291,188,5
BBB,2014J,100400,5291,183,5
BBB,2014J,100400,5291,169,3
BBB,2014J,100400,5291,185,10
BBB,2014J,100400,5291,216,9
BBB,2013J,100537,5292,211,3
BBB,2013J,100537,5292,46,6
BBB,2013J,100537,5292,153,4
BBB,2013J,100537,5292,204,3
BBB,2013J,100537,5292,183,3
BBB,2013J,100537,5292,80,3
BBB,2013J,100537,5292,218,2
BBB,2013J,100537,5292,9,3
BBB,2013J,100537,5292,213,1
BBB,2014J,100373,5293,49,3
BBB,2014J,100373,5293,62,4
BBB,2014J,100373,5293,143,4
BBB,2014J,100373,5293,97,2
BBB,2014J,100373,5293,184,4
BBB,2014J,100373,5293,187,5
CCC,2014J,100226,5294,40,12
CCC,2014J,100226,5294,22,9
CCC,2014J,100226,5294,179,7
CCC,2014J,100226,5294,201,5
CCC,2014J,100226,5294,179,8
CCC,2014J,100226,5294,219,8
CCC,2014J,100226,5294,116,9
CCC,2014J,100226,5294,162,7
CCC,2014J,100226,5294,48,7
CCC,2014J,100226,5294,106,5
CCC,2014J,100226,5294,24,6
CCC,2014J,100226,5294,147,7
CCC,2014J,100226,5294,104,9
CCC,2014J,100226,5294,132,12
CCC,2014J,100226,5294,205,7
CCC,2013J,100053,5295,12,5
CCC,2013J,100053,5295,127,5
CCC,2013J,100053,5295,112,6
CCC,2013J,100053,5295,239,2
CCC,2013J,100053,5295,43,3
CCC,2013J,100053,5295,186,3
CCC,2013J,100053,5295,26,3
CCC,2013J,100002,5296,105,1
BBB,2014J,100159,5297,127,2
BBB,2014J,100159,5297,8,6
BBB,2014J,100159,5297,114,8
BBB,2014J,100159,5297,40,6
BBB,2014J,100159,5297,95,5
BBB,2014J,100159,5297,66,7
BBB,2014J,100159,5297,180,7
BBB,2014J,100159,5297,230,5
CCC,2013J,100781,5298,26,6
CCC,2013J,100781,5298,207,7
CCC,2013J,100781,5298,186,9
CCC,2013J,100781,5298,105,5
CCC,2013J,100781,5298,51,8
CCC,2013J,100781,5298,8,13
CCC,2013J,100781,5298,12,10
CCC,2013J,100781,5298,195,9
CCC,2013J,100781,5298,31,7
CCC,2013J,100781,5298,99,9
CCC,2013J,100781,5298,120,3
CCC,2013J,100781,5298,133,8
CCC,2013J,100781,5298,21,6
CCC,2013J,100781,5298,125,9
CCC,2013J,100781,5298,59,7
BBB,2013J,100278,5299,230,1
BBB,2013J,100278,5299,57,2
BBB,2014J,100767,5300,239,10
BBB,2014J,100767,5300,135,5
BBB,2014J,100767,5300,220,11
BBB,2014J,100767,5300,74,4
BBB,2014J,100767,5300,118,3
BBB,2014J,100767,5300,223,5
BBB,2014J,100767,5300,43,7
BBB,2014J,100767,5300,130,6
BBB,2014J,100767,5300,191,8
BBB,2014J,100767,5300,191,4
BBB,2014J,100767,5300,180,4
BBB,2014J,100767,5300,146,10
BBB,2014J,100767,5300,1,8
BBB,2014J,100767,5300,69,7
CCC,2014J,100679,5301,129,1
CCC,2014J,100679,5301,129,3
CCC,2014J,100679,5301,155,2
CCC,2014J,100679,5301,8,4
CCC,2014J,100679,5301,25,2
AAA,2014J,100804,5302,190,1
BBB,2014J,100516,5303,198,2
BBB,2014J,100516,5303,170,6
BBB,2014J,100516,5303,225,2
BBB,2014J,100516,5303,122,1
BBB,2014J,100516,5303,92,3
BBB,2013J,100286,5304,201,14
BBB,2013J,100286,5304,88,8
BBB,2013J,100286,5304,215,6
BBB,2013J,100286,5304,153,5
BBB,2013J,100286,5304,125,6
BBB,2013J,100286,5304,139,6
BBB,2013J,100286,5304,191,9
BBB,2013J,100286,5304,46,7
BBB,2013J,100286,5304,116,4
BBB,2013J,100286,5304,92,9
BBB,2013J,100286,5304,10,7
BBB,2013J,100286,5304,132,11
BBB,2013J,100286,5304,166,8
BBB,2013J,100286,5304,159,6
BBB,2014J,100629,5305,11,1
BBB,2014J,100629,5305,51,1
BBB,2014J,100629,5305,89,1
BBB,2014J,100629,5305,79,2
BBB,2014J,100629,5305,221,1
BBB,2014J,100630,5306,6,6
BBB,2014J,100630,5306,15,8
BBB,2014J,100630,5306,222,5
BBB,2014J,100630,5306,65,2
BBB,2014J,100630,5306,127,6
BBB,2014J,100630,5306,228,4
BBB,2014J,100630,5306,116,2
BBB,2013J,100223,5307,94,4
BBB,2013J,100223,5307,70,4
CCC,2013J,100427,5308,84,7
CCC,2013J,100427,5308,66,11
CCC,2013J,100427,5308,54,5
CCC,2013J,100427,5308,156,2
CCC,2013J,100427,5308,120,7
CCC,2013J,100427,5308,147,6
CCC,2013J,100427,5308,98,6
CCC,2013J,100427,5308,72,4
CCC,2013J,100427,5308,43,6
CCC,2013J,100427,5308,70,4
CCC,2013J,100427,5308,52,10
CCC,2013J,100427,5308,117,1
CCC,2013J,100427,5308,69,7
CCC,2013J,100427,5308,190,4
CCC,2013J,100427,5308,132,6
CCC,2013J,100427,5308,73,9
CCC,2013J,100427,5308,19,8
CCC,2013J,100427,5308,29,5
CCC,2013J,100427,5308,21,11
BBB,2013J,100621,5309,214,6
BBB,2013J,100621,5309,11,5
BBB,2013J,100621,5309,78,5
BBB,2013J,100621,5309,122,7
BBB,2013J,100621,5309,3,7
BBB,2013J,100621,5309,217,6
BBB,2013J,100621,5309,231,8
BBB,2013J,100621,5309,186,3
BBB,2013J,100191,5310,192,6
BBB,2013J,100191,5310,42,4
BBB,2013J,100191,5310,68,2
BBB,2013J,100191,5310,233,3
BBB,2013J,100191,5310,59,3
CCC,2014J,100337,5311,31,4
CCC,2014J,100337,5311,98,6
CCC,2014J,100337,5311,118,3
CCC,2014J,100337,5311,204,9
CCC,2014J,100337,5311,171,4
CCC,2014J,100337,5311,132,3
CCC,2014J,100337,5311,48,8
CCC,2014J,100337,5311,203,4
CCC,2014J,100337,5311,5,4
CCC,2014J,100337,5311,133,2
CCC,2014J,100337,5311,147,2
CCC,2014J,100337,5311,227,5
CCC,2014J,100337,5311,38,1
CCC,2014J,100337,5311,69,2
CCC,2014J,100337,5311,2,4
CCC,2014J,100688,5312,8,2
CCC,2014J,100688,5312,165,1
CCC,2014J,100688,5312,186,1
CCC,2014J,100688,5312,89,1
AAA,2013J,100374,5313,110,7
AAA,2013J,100374,5313,145,11
AAA,2013J,100374,5313,193,4
AAA,2013J,100374,5313,199,8
AAA,2013J,100374,5313,175,12
AAA,2013J,100374,5313,125,5
AAA,2013J,100374,5313,52,7
AAA,2013J,100374,5313,178,3
AAA,2013J,100374,5313,161,8
CCC,2013J,100746,5314,213,1
AAA,2014J,100466,5315,120,9
AAA,2014J,100466,5315,134,5
AAA,2014J,100466,5315,4,3
AAA,2014J,100466,5315,177,8
AAA,2014J,100466,5315,134,10
AAA,2014J,100466,5315,113,8
AAA,2014J,100466,5315,82,6
AAA,2014J,100466,5315,154,4
AAA,2014J,100466,5315,180,2
AAA,2014J,100466,5315,184,7
AAA,2014J,100466,5315,93,6
AAA,2014J,100466,5315,120,4
AAA,2014J,100466,5315,60,13
AAA,2014J,100466,5315,52,6
AAA,2014J,100466,5315,206,7
AAA,2014J,100466,5315,95,9
AAA,2014J,100435,5316,118,9
AAA,2014J,100435,5316,60,3
AAA,2014J,100435,5316,114,6
AAA,2014J,100435,5316,198,9
AAA,2014J,100435,5316,118,9
AAA,2014J,100435,5316,150,10
AAA,2014J,100435,5316,123,7
AAA,2014J,100435,5316,115,9
AAA,2014J,100435,5316,228,10
AAA,2014J,100435,5316,222,4
AAA,2014J,100435,5316,101,4
AAA,2014J,100435,5316,194,12
CCC,2014J,100516,5317,11,7
CCC,2014J,100516,5317,114,3
CCC,2014J,100516,5317,186,4
AAA,2013J,100328,5318,190,3
AAA,2013J,100328,5318,82,3
AAA,2013J,100328,5318,21,5
AAA,2013J,100328,5318,60,4
CCC,2013J,100045,5319,154,4
CCC,2013J,100045,5319,14,3
CCC,2013J,100045,5319,212,11
CCC,2013J,100045,5319,238,2
CCC,2013J,100045,5319,221,2
CCC,2013J,100045,5319,137,6
CCC,2013J,100045,5319,208,5
CCC,2013J,100045,5319,0,2
CCC,2013J,100045,5319,97,5
CCC,2013J,100045,5319,25,6
CCC,2013J,100045,5319,140,6
CCC,2013J,100045,5319,0,4
CCC,2013J,100045,5319,73,3
CCC,2013J,100885,5320,140,2
CCC,2013J,100885,5320,42,6
CCC,2013J,100885,5320,159,5
CCC,2013J,100885,5320,73,4
CCC,2013J,100885,5320,141,8
CCC,2013J,100885,5320,235,5
CCC,2013J,100885,5320,17,3
CCC,2013J,100469,5321,20,3
CCC,2013J,100469,5321,174,3
CCC,2013J,100469,5321,117,3
CCC,2013J,100469,5321,189,4
CCC,2013J,100469,5321,27,5
CCC,2013J,100469,5321,145,5
CCC,2013J,100469,5321,139,3
CCC,2013J,100469,5321,110,2
CCC,2013J,100469,5321,102,7
CCC,2013J,100140,5322,126,3
CCC,2013J,100140,5322,4,7
CCC,2013J,100140,5322,167,7
CCC,2013J,100140,5322,94,5
CCC,2013J,100140,5322,17,2
CCC,2013J,100140,5322,57,3
CCC,2013J,100140,5322,76,7
CCC,2013J,100140,5322,6,8
CCC,2013J,100140,5322,174,8
AAA,2013J,100492,5323,51,4
AAA,2013J,100492,5323,39,8
AAA,2013J,100492,5323,168,5
AAA,2013J,100492,5323,165,3
AAA,2013J,100492,5323,226,7
AAA,2013J,100492,5323,207,3
AAA,2013J,100492,5323,174,5
AAA,2013J,100492,5323,4,9
AAA,2013J,100492,5323,62,7
AAA,2013J,100492,5323,157,3
AAA,2013J,100492,5323,111,4
AAA,2013J,100492,5323,12,9
AAA,2013J,100492,5323,135,10
CCC,2013J,100750,5324,236,3
CCC,2013J,100750,5324,173,2
CCC,2013J,100750,5324,80,4
CCC,2013J,100750,5324,136,3
CCC,2013J,100750,5324,41,2
CCC,2013J,100750,5324,108,2
CCC,2013J,100750,5324,84,4
AAA,2013J,100470,5325,93,4
AAA,2013J,100470,5325,36,6
AAA,2013J,100470,5325,72,4
AAA,2013J,100470,5325,230,3
AAA,2013J,100470,5325,187,2
AAA,2013J,100470,5325,210,7
AAA,2013J,100470,5325,236,5
AAA,2014J,100437,5326,71,5
AAA,2014J,100437,5326,31,2
AAA,2014J,100437,5326,104,5
AAA,2014J,100437,5326,98,2
AAA,2014J,100437,5326,104,3
AAA,2014J,100437,5326,238,8
AAA,2014J,100437,5326,30,5
AAA,2014J,100437,5326,155,5
AAA,2014J,100437,5326,37,5
AAA,2014J,100437,5326,142,5
AAA,2014J,100437,5326,162,3
BBB,2014J,100263,5327,8,6
BBB,2014J,100263,5327,62,7
BBB,2014J,100263,5327,30,4
BBB,2014J,100263,5327,221,5
BBB,2014J,100263,5327,167,6
BBB,2014J,100263,5327,162,3
CCC,2013J,100873,5328,76,2
CCC,2013J,100873,5328,68,5
CCC,2013J,100873,5328,138,3
CCC,2013J,100873,5328,115,4
CCC,2013J,100873,5328,108,4
CCC,2013J,100873,5328,82,8
CCC,2013J,100873,5328,18,4
CCC,2013J,100873,5328,59,5
CCC,2013J,100873,5328,141,5
CCC,2013J,100873,5328,16,4
AAA,2013J,100535,5329,37,4
AAA,2013J,100535,5329,58,7
AAA,2013J,100535,5329,115,8
AAA,2013J,100535,5329,115,8
AAA,2013J,100535,5329,223,3
AAA,2013J,100535,5329,42,5
AAA,2013J,100535,5329,197,3
AAA,2013J,100535,5329,51,7
AAA,2013J,100535,5329,192,6
BBB,2014J,100224,5330,228,3
BBB,2014J,100224,5330,78,3
BBB,2014J,100224,5330,121,2
BBB,2014J,100224,5330,25,5
BBB,2014J,100224,5330,196,3
BBB,2014J,100224,5330,223,4
BBB,2014J,100224,5330,152,2
BBB,2014J,100224,5330,29,5
BBB,2014J,100224,5330,23,1
BBB,2013J,100151,5331,177,5
BBB,2013J,100151,5331,234,7
BBB,2013J,100151,5331,73,9
BBB,2013J,100151,5331,211,7
BBB,2013J,100151,5331,165,8
BBB,2013J,100151,5331,105,10
BBB,2013J,100151,5331,190,7
BBB,2013J,100151,5331,159,9
BBB,2013J,100151,5331,218,7
BBB,2013J,100151,5331,145,7
BBB,2013J,100151,5331,94,4
BBB,2013J,100151,5331,22,11
BBB,2013J,100151,5331,238,7
BBB,2013J,100151,5331,187,2
BBB,2013J,100151,5331,24,8
BBB,2013J,100151,5331,145,8
BBB,2013J,100151,5331,198,10
BBB,2013J,100151,5331,167,7
BBB,2013J,100151,5331,65,9
BBB,2013J,100151,5331,33,6
BBB,2013J,100151,5331,224,7
BBB,2013J,100151,5331,88,9
BBB,2013J,100151,5331,208,8
BBB,2013J,100151,5331,111,9
BBB,2014J,100038,5332,182,5
BBB,2014J,100038,5332,126,7
BBB,2014J,100038,5332,48,4
BBB,2014J,100038,5332,235,9
BBB,2014J,100038,5332,9,5
BBB,2014J,100038,5332,237,8
BBB,2014J,100038,5332,234,7
BBB,2014J,100038,5332,225,4
BBB,2013J,100800,5333,1,3
BBB,2013J,100800,5333,94,1
BBB,2013J,100800,5333,217,5
CCC,2013J,100006,5334,180,4
CCC,2013J,100006,5334,186,4
BBB,2013J,100878,5335,202,1
AAA,2014J,100130,5336,168,13
AAA,2014J,100130,5336,91,6
AAA,2014J,100130,5336,189,12
AAA,2014J,100130,5336,47,12
AAA,2014J,100130,5336,213,10
AAA,2014J,100130,5336,57,7
AAA,2014J,100130,5336,56,13
AAA,2014J,100130,5336,90,2
AAA,2014J,100130,5336,190,5
AAA,2014J,100130,5336,1,7
AAA,2014J,100130,5336,36,8
AAA,2014J,100130,5336,90,7
AAA,2014J,100130,5336,33,13
AAA,2014J,100130,5336,92,13
AAA,2014J,100130,5336,102,7
AAA,2014J,100130,5336,148,16
AAA,2014J,100130,5336,77,11
AAA,2014J,100130,5336,129,7
AAA,2014J,100130,5336,236,14
AAA,2014J,100130,5336,110,14
AAA,2014J,100130,5336,192,8
AAA,2013J,100195,5337,233,2
AAA,2014J,100577,5338,166,1
AAA,2013J,100625,5339,159,7
AAA,2013J,100625,5339,102,11
AAA,2013J,100625,5339,34,8
AAA,2013J,100625,5339,123,12
AAA,2013J,100625,5339,167,5
AAA,2013J,100625,5339,218,8
AAA,2013J,100625,5339,88,14
AAA,2013J,100625,5339,40,4
AAA,2013J,100625,5339,207,11
AAA,2013J,100625,5339,88,10
AAA,2013J,100625,5339,37,11
AAA,2013J,100625,5339,120,4
AAA,2013J,100625,5339,14,6
AAA,2013J,100625,5339,238,11
AAA,2013J,100625,5339,187,9
AAA,2013J,100625,5339,105,7
AAA,2013J,100625,5339,130,8
AAA,2013J,100625,5339,95,13
AAA,2013J,100625,5339,112,9
AAA,2013J,100625,5339,224,10
AAA,2013J,100625,5339,174,13
AAA,2013J,100625,5339,158,5
AAA,2013J,100625,5339,234,12
AAA,2013J,100625,5339,39,12
AAA,2013J,100625,5339,217,11
CCC,2013J,100557,5340,42,4
CCC,2013J,100557,5340,53,4
CCC,2013J,100557,5340,46,2
CCC,2013J,100557,5340,6,2
CCC,2013J,100557,5340,203,2
CCC,2013J,100557,5340,52,6
AAA,2014J,100821,5341,24,5
AAA,2014J,100821,5341,79,2
AAA,2014J,100821,5341,45,3
BBB,2013J,100612,5342,162,4
BBB,2013J,100612,5342,168,3
BBB,2013J,100612,5342,119,3
BBB,2013J,100612,5342,68,2
BBB,2013J,100612,5342,42,2
BBB,2013J,100612,5342,63,4
BBB,2013J,100612,5342,79,1
BBB,2013J,100612,5342,226,3
CCC,2014J,100184,5343,67,3
CCC,2014J,100184,5343,214,1
CCC,2013J,100165,5344,210,6
CCC,2013J,100165,5344,208,1
CCC,2013J,100165,5344,87,2
CCC,2013J,100165,5344,109,4
CCC,2013J,100165,5344,90,3
CCC,2013J,100165,5344,139,7
BBB,2013J,100384,5345,5,4
BBB,2013J,100384,5345,194,10
BBB,2013J,100384,5345,48,8
BBB,2013J,100384,5345,33,8
BBB,2013J,100384,5345,136,14
BBB,2013J,100384,5345,36,6
BBB,2013J,100384,5345,153,7
BBB,2013J,100384,5345,175,16
BBB,2013J,100384,5345,55,11
BBB,2013J,100384,5345,16,9
BBB,2013J,100384,5345,23,6
BBB,2013J,100384,5345,12,6
BBB,2013J,100384,5345,116,12
BBB,2013J,100384,5345,90,13
BBB,2013J,100384,5345,186,10
BBB,2013J,100384,5345,95,15
BBB,2013J,100384,5345,156,8
BBB,2013J,100384,5345,112,9
BBB,2013J,100384,5345,102,13
BBB,2013J,100384,5345,177,12
BBB,2013J,100384,5345,122,16
BBB,2013J,100384,5345,136,14
BBB,2013J,100384,5345,108,12
BBB,2013J,100384,5345,171,8
AAA,2013J,100884,5346,47,11
AAA,2013J,100884,5346,177,10
AAA,2013J,100884,5346,220,4
AAA,2013J,100884,5346,233,6
AAA,2013J,100884,5346,17,2
AAA,2013J,100884,5346,221,14
AAA,2013J,100884,5346,152,7
AAA,2013J,100884,5346,198,7
AAA,2013J,100884,5346,18,9
AAA,2013J,100884,5346,204,9
AAA,2013J,100884,5346,78,6
AAA,2013J,100884,5346,94,6
AAA,2013J,100884,5346,215,5
AAA,2013J,100884,5346,175,7
AAA,2013J,100884,5346,122,11
AAA,2013J,100884,5346,160,7
AAA,2013J,100884,5346,85,11
AAA,2013J,100884,5346,235,10
AAA,2013J,100884,5346,16,9
CCC,2014J,100677,5347,137,2
CCC,2014J,100677,5347,62,2
CCC,2014J,100677,5347,70,2
CCC,2014J,100677,5347,2,1
AAA,2013J,100427,5348,149,8
AAA,2013J,100427,5348,149,4
AAA,2013J,100427,5348,205,5
AAA,2013J,100427,5348,141,4
AAA,2013J,100427,5348,74,8
AAA,2013J,100427,5348,193,6
AAA,2013J,100427,5348,82,6
AAA,2013J,100427,5348,3,11
AAA,2013J,100427,5348,158,2
AAA,2013J,100427,5348,172,7
AAA,2013J,100427,5348,52,10
AAA,2013J,100427,5348,90,8
AAA,2013J,100427,5348,1,4
CCC,2013J,100173,5349,186,3
CCC,2013J,100173,5349,87,2
CCC,2013J,100173,5349,22,1
CCC,2013J,100173,5349,100,1
AAA,2013J,100887,5350,30,12
AAA,2013J,100887,5350,159,5
AAA,2013J,100887,5350,27,8
AAA,2013J,100887,5350,91,10
AAA,2013J,100887,5350,111,6
AAA,2013J,100887,5350,216,7
AAA,2013J,100887,5350,170,5
AAA,2013J,100887,5350,226,4
AAA,2013J,100887,5350,129,6
AAA,2013J,100887,5350,61,9
AAA,2013J,100887,5350,101,6
AAA,2013J,100887,5350,123,10
AAA,2013J,100887,5350,135,12
AAA,2013J,100887,5350,217,8
AAA,2013J,100887,5350,215,9
AAA,2013J,100887,5350,24,7
AAA,2013J,100887,5350,190,7
AAA,2013J,100887,5350,71,5
AAA,2013J,100887,5350,141,6
CCC,2014J,100605,5351,229,6
CCC,2014J,100605,5351,196,8
CCC,2014J,100605,5351,127,3
CCC,2014J,100605,5351,179,6
CCC,2014J,100605,5351,166,8
CCC,2014J,100605,5351,23,7
CCC,2014J,100605,5351,181,6
CCC,2014J,100605,5351,188,8
CCC,2014J,100605,5351,11,14
CCC,2014J,100605,5351,54,6
CCC,2014J,100605,5351,180,5
CCC,2014J,100605,5351,86,7
CCC,2014J,100605,5351,26,8
AAA,2013J,100553,5352,106,3
AAA,2013J,100553,5352,141,5
AAA,2013J,100553,5352,196,11
AAA,2013J,100553,5352,106,5
AAA,2013J,100553,5352,124,6
AAA,2013J,100553,5352,99,8
AAA,2013J,100553,5352,72,9
AAA,2013J,100553,5352,168,5
AAA,2013J,100553,5352,148,7
AAA,2013J,100553,5352,125,4
AAA,2013J,100553,5352,70,6
AAA,2013J,100553,5352,208,16
AAA,2013J,100553,5352,193,9
AAA,2013J,100553,5352,178,6
AAA,2013J,100553,5352,195,4
AAA,2013J,100553,5352,114,10
AAA,2013J,100553,5352,150,6
AAA,2014J,100700,5353,51,4
AAA,2014J,100700,5353,202,2
AAA,2014J,100700,5353,67,1
AAA,2014J,100700,5353,149,1
AAA,2014J,100700,5353,173,1
AAA,2014J,100700,5353,171,1
AAA,2014J,100700,5353,168,1
CCC,2013J,100636,5354,124,8
CCC,2013J,100636,5354,166,4
CCC,2014J,100666,5355,26,8
CCC,2014J,100666,5355,36,5
CCC,2014J,100666,5355,84,11
CCC,2014J,100666,5355,169,8
CCC,2014J,100666,5355,161,9
CCC,2014J,100666,5355,174,6
CCC,2014J,100666,5355,21,9
CCC,2014J,100666,5355,10,4
CCC,2014J,100666,5355,66,6
CCC,2014J,100666,5355,79,2
CCC,2014J,100666,5355,123,3
CCC,2014J,100666,5355,140,7
CCC,2014J,100666,5355,45,3
CCC,2014J,100666,5355,197,5
CCC,2014J,100666,5355,179,4
CCC,2014J,100666,5355,74,11
CCC,2014J,100666,5355,154,12
CCC,2014J,100666,5355,71,8
AAA,2013J,100147,5356,213,7
AAA,2013J,100147,5356,153,4
AAA,2013J,100147,5356,48,3
AAA,2013J,100147,5356,215,3
AAA,2013J,100147,5356,119,8
AAA,2013J,100147,5356,173,8
AAA,2013J,100147,5356,82,4
AAA,2013J,100147,5356,5,8
AAA,2013J,100147,5356,135,6
AAA,2013J,100147,5356,122,6
AAA,2013J,100147,5356,173,4
CCC,2014J,100533,5357,176,1
CCC,2014J,100533,5357,102,3
CCC,2014J,100533,5357,147,1
CCC,2014J,100533,5357,103,4
CCC,2014J,100533,5357,194,6
CCC,2014J,100533,5357,191,5
CCC,2014J,100533,5357,23,1
CCC,2013J,100685,5358,182,1
CCC,2013J,100685,5358,27,9
CCC,2013J,100685,5358,12,5
CCC,2013J,100685,5358,93,5
CCC,2013J,100685,5358,75,3
CCC,2013J,100685,5358,55,4
CCC,2013J,100685,5358,123,6
CCC,2013J,100685,5358,137,7
CCC,2013J,100685,5358,104,4
AAA,2013J,100725,5359,125,6
AAA,2013J,100725,5359,15,8
AAA,2013J,100725,5359,52,7
AAA,2013J,100725,5359,201,5
AAA,2013J,100725,5359,65,4
AAA,2013J,100725,5359,200,9
AAA,2013J,100725,5359,194,7
AAA,2013J,100725,5359,168,9
AAA,2013J,100725,5359,64,9
AAA,2013J,100725,5359,239,6
AAA,2013J,100725,5359,146,7
AAA,2013J,100725,5359,184,7
AAA,2013J,100725,5359,82,3
AAA,2013J,100725,5359,159,4
AAA,2013J,100725,5359,157,4
AAA,2013J,100725,5359,143,9
AAA,2013J,100725,5359,141,10
AAA,2013J,100725,5359,168,11
AAA,2013J,100725,5359,239,7
AAA,2013J,100725,5359,208,3
CCC,2014J,100710,5360,74,7
CCC,2014J,100710,5360,197,5
CCC,2014J,100710,5360,0,4
CCC,2014J,100710,5360,156,8
CCC,2014J,100710,5360,20,6
CCC,2014J,100710,5360,180,5
CCC,2014J,100710,5360,105,4
CCC,2014J,100710,5360,78,6
CCC,2014J,100710,5360,179,9
CCC,2014J,100710,5360,192,15
CCC,2014J,100710,5360,144,6
CCC,2014J,100710,5360,176,4
CCC,2014J,100710,5360,3,6
CCC,2014J,100710,5360,197,7
CCC,2014J,100855,5361,141,7
CCC,2014J,100855,5361,3,4
CCC,2014J,100855,5361,103,5
CCC,2014J,100855,5361,159,4
CCC,2014J,100855,5361,19,8
CCC,2014J,100855,5361,98,5
CCC,2014J,100855,5361,97,2
CCC,2014J,100855,5361,110,4
CCC,2014J,100855,5361,134,3
CCC,2014J,100855,5361,66,11
CCC,2014J,100855,5361,142,5
BBB,2013J,100336,5362,43,6
BBB,2013J,100336,5362,116,6
BBB,2013J,100336,5362,231,5
BBB,2013J,100336,5362,182,5
BBB,2013J,100336,5362,183,7
BBB,2013J,100336,5362,60,4
BBB,2013J,100336,5362,73,6
BBB,2013J,100336,5362,23,5
BBB,2013J,100336,5362,221,7
BBB,2013J,100336,5362,229,8
BBB,2013J,100336,5362,81,5
BBB,2013J,100336,5362,167,11
BBB,2013J,100336,5362,50,4
BBB,2013J,100336,5362,156,2
BBB,2013J,100336,5362,22,3
BBB,2013J,100336,5362,79,6
AAA,2014J,100696,5363,84,4
AAA,2014J,100696,5363,139,4
AAA,2014J,100696,5363,140,5
AAA,2014J,100696,5363,178,5
AAA,2014J,100640,5364,70,1
AAA,2014J,100640,5364,131,4
AAA,2014J,100640,5364,122,7
AAA,2014J,100640,5364,159,2
AAA,2014J,100640,5364,152,1
AAA,2014J,100640,5364,48,2
AAA,2014J,100640,5364,27,3
BBB,2013J,100354,5365,65,7
BBB,2013J,100354,5365,113,11
BBB,2013J,100354,5365,90,9
BBB,2013J,100354,5365,236,7
BBB,2013J,100354,5365,191,5
BBB,2013J,100354,5365,39,8
BBB,2013J,100354,5365,233,7
BBB,2013J,100354,5365,31,12
BBB,2013J,100354,5365,194,7
CCC,2014J,100785,5366,33,4
CCC,2014J,100785,5366,146,4
CCC,2014J,100785,5366,169,3
CCC,2014J,100785,5366,1,5
CCC,2014J,100785,5366,1,2
BBB,2014J,100233,5367,195,2
BBB,2014J,100233,5367,126,2
AAA,2013J,100541,5368,118,9
AAA,2013J,100541,5368,128,5
AAA,2013J,100541,5368,51,5
AAA,2013J,100541,5368,152,11
AAA,2013J,100541,5368,86,12
AAA,2013J,100541,5368,222,7
AAA,2013J,100541,5368,201,7
AAA,2013J,100541,5368,238,9
AAA,2013J,100541,5368,36,12
AAA,2013J,100541,5368,227,4
AAA,2013J,100541,5368,3,11
AAA,2013J,100541,5368,52,8
AAA,2013J,100541,5368,207,7
AAA,2013J,100541,5368,206,7
AAA,2013J,100541,5368,71,8
BBB,2013J,100003,5369,19,9
BBB,2013J,100003,5369,186,4
BBB,2013J,100003,5369,97,6
BBB,2013J,100003,5369,146,5
BBB,2013J,100003,5369,51,7
BBB,2013J,100003,5369,237,8
BBB,2013J,100003,5369,182,5
BBB,2013J,100003,5369,154,5
BBB,2013J,100003,5369,44,7
BBB,2013J,100003,5369,185,9
BBB,2013J,100786,5370,33,5
BBB,2013J,100786,5370,22,10
BBB,2013J,100786,5370,88,4
BBB,2013J,100786,5370,130,8
BBB,2013J,100786,5370,112,3
BBB,2013J,100786,5370,14,4
BBB,2013J,100786,5370,131,8
BBB,2013J,100786,5370,149,7
BBB,2013J,100786,5370,68,7
BBB,2013J,100786,5370,136,5
BBB,2013J,100786,5370,85,9
BBB,2013J,100786,5370,14,7
CCC,2013J,100114,5371,153,6
CCC,2013J,100114,5371,32,3
CCC,2013J,100114,5371,98,2
CCC,2013J,100114,5371,100,14
CCC,2013J,100114,5371,103,6
CCC,2013J,100114,5371,172,7
CCC,2013J,100114,5371,66,5
CCC,2013J,100114,5371,36,6
CCC,2013J,100114,5371,146,4
CCC,2013J,100114,5371,4,9
CCC,2013J,100114,5371,237,3
CCC,2013J,100114,5371,216,5
CCC,2013J,100114,5371,91,6
CCC,2013J,100114,5371,167,9
AAA,2014J,100676,5372,138,1
AAA,2014J,100676,5372,37,2
AAA,2014J,100676,5372,152,5
AAA,2014J,100676,5372,218,2
AAA,2014J,100676,5372,230,1
AAA,2014J,100676,5372,43,3
CCC,2014J,100648,5373,16,1
CCC,2014J,100648,5373,206,7
CCC,2014J,100648,5373,31,6
CCC,2014J,100648,5373,167,2
CCC,2014J,100648,5373,77,4
CCC,2014J,100648,5373,41,2
CCC,2014J,100648,5373,27,2
CCC,2014J,100648,5373,131,3
CCC,2014J,100893,5374,16,5
CCC,2014J,100893,5374,85,1
CCC,2013J,100433,5375,11,5
CCC,2013J,100433,5375,116,4
CCC,2013J,100433,5375,157,2
CCC,2013J,100433,5375,235,4
CCC,2013J,100433,5375,199,5
CCC,2013J,100433,5375,122,6
CCC,2013J,100433,5375,193,7
CCC,2013J,100433,5375,224,6
CCC,2013J,100433,5375,210,6
CCC,2013J,100433,5375,237,4
CCC,2013J,100433,5375,86,10
CCC,2013J,100433,5375,106,7
BBB,2013J,100411,5376,194,4
BBB,2013J,100411,5376,178,1
BBB,2013J,100411,5376,62,4
BBB,2013J,100411,5376,203,3
BBB,2013J,100411,5376,114,3
BBB,2013J,100411,5376,2,5
BBB,2013J,100411,5376,171,4
BBB,2014J,100345,5377,210,8
BBB,2014J,100345,5377,154,5
BBB,2014J,100345,5377,213,5
BBB,2014J,100345,5377,126,4
BBB,2014J,100345,5377,49,6
BBB,2014J,100345,5377,44,3
BBB,2014J,100345,5377,156,3
BBB,2014J,100345,5377,239,3
BBB,2014J,100345,5377,73,8
CCC,2013J,100184,5378,26,1
CCC,2013J,100479,5379,104,9
CCC,2013J,100479,5379,40,10
CCC,2013J,100479,5379,145,7
CCC,2013J,100479,5379,137,7
CCC,2013J,100479,5379,67,11
CCC,2013J,100479,5379,213,8
CCC,2013J,100479,5379,106,12
CCC,2013J,100479,5379,63,9
CCC,2013J,100479,5379,169,12
CCC,2013J,100479,5379,45,8
CCC,2013J,100479,5379,150,4
CCC,2013J,100479,5379,163,12
CCC,2013J,100479,5379,108,7
CCC,2013J,100479,5379,48,7
CCC,2013J,100479,5379,62,8
AAA,2014J,100606,5380,181,2
AAA,2014J,100606,5380,20,7
AAA,2014J,100606,5380,213,2
AAA,2014J,100606,5380,185,5
AAA,2014J,100606,5380,232,6
AAA,2014J,100606,5380,22,9
AAA,2014J,100606,5380,50,7
AAA,2014J,100606,5380,53,6
AAA,2014J,100606,5380,98,6
AAA,2014J,100606,5380,196,3
AAA,2014J,100606,5380,188,5
CCC,2014J,100663,5381,166,15
CCC,2014J,100663,5381,28,5
CCC,2014J,100663,5381,186,10
CCC,2014J,100663,5381,215,9
CCC,2014J,100663,5381,235,7
CCC,2014J,100663,5381,175,5
CCC,2014J,100663,5381,85,11
CCC,2014J,100663,5381,168,12
CCC,2014J,100663,5381,76,3
CCC,2014J,100663,5381,215,8
CCC,2014J,100663,5381,10,9
CCC,2014J,100663,5381,215,12
CCC,2014J,100663,5381,176,4
CCC,2014J,100663,5381,213,8
CCC,2014J,100663,5381,57,9
CCC,2014J,100663,5381,121,11
CCC,2014J,100663,5381,60,3
CCC,2014J,100663,5381,170,6
CCC,2014J,100663,5381,151,6
AAA,2013J,100696,5382,93,1
AAA,2013J,100696,5382,34,6
AAA,2013J,100696,5382,62,3
AAA,2013J,100696,5382,191,4
AAA,2013J,100696,5382,6,8
AAA,2013J,100696,5382,172,5
AAA,2013J,100696,5382,223,4
AAA,2013J,100696,5382,103,2
AAA,2013J,100696,5382,194,3
AAA,2013J,100696,5382,236,6
AAA,2013J,100696,5382,182,4
AAA,2013J,100696,5382,120,7
AAA,2013J,100696,5382,135,6
AAA,2013J,100696,5382,51,3
AAA,2013J,100696,5382,31,4
AAA,2013J,100696,5382,189,10
AAA,2013J,100696,5382,124,4
AAA,2013J,100696,5382,222,1
AAA,2013J,100696,5382,178,4
BBB,2013J,100025,5383,62,5
BBB,2013J,100795,5384,38,4
BBB,2013J,100795,5384,13,2
BBB,2013J,100795,5384,150,7
BBB,2013J,100795,5384,79,9
BBB,2013J,100795,5384,10,5
BBB,2013J,100795,5384,48,1
BBB,2013J,100795,5384,62,1
BBB,2013J,100795,5384,20,4
BBB,2013J,100795,5384,184,5
BBB,2013J,100795,5384,5,4
BBB,2013J,100795,5384,211,5
BBB,2014J,100033,5385,234,1
BBB,2014J,100033,5385,76,2
BBB,2014J,100033,5385,80,7
BBB,2014J,100033,5385,226,2
BBB,2014J,100033,5385,3,2
BBB,2014J,100033,5385,28,3
BBB,2014J,100033,5385,187,5
BBB,2014J,100033,5385,164,3
BBB,2014J,100033,5385,187,5
BBB,2014J,100033,5385,112,8
BBB,2014J,100033,5385,1,5
BBB,2014J,100033,5385,71,5
BBB,2014J,100033,5385,207,5
BBB,2014J,100033,5385,159,3
BBB,2014J,100033,5385,211,4
CCC,2013J,100039,5386,139,2
CCC,2013J,100039,5386,164,1
CCC,2013J,100039,5386,53,3
CCC,2013J,100039,5386,69,2
CCC,2013J,100039,5386,153,6
CCC,2013J,100039,5386,133,2
CCC,2013J,100039,5386,91,4
CCC,2013J,100039,5386,200,3
CCC,2013J,100039,5386,81,1
CCC,2014J,100377,5387,114,5
CCC,2014J,100377,5387,203,6
CCC,2014J,100377,5387,125,3
CCC,2014J,100377,5387,225,2
CCC,2014J,100377,5387,219,5
CCC,2014J,100377,5387,194,3
AAA,2013J,100444,5388,84,9
AAA,2013J,100444,5388,86,17
AAA,2013J,100444,5388,91,9
AAA,2013J,100444,5388,44,7
AAA,2013J,100444,5388,230,11
AAA,2013J,100444,5388,70,6
AAA,2013J,100444,5388,100,11
AAA,2013J,100444,5388,4,10
AAA,2013J,100444,5388,163,8
AAA,2013J,100444,5388,43,5
AAA,2013J,100444,5388,68,5
AAA,2013J,100444,5388,220,8
AAA,2013J,100444,5388,207,10
AAA,2013J,100326,5389,94,1
AAA,2013J,100326,5389,60,6
AAA,2013J,100326,5389,171,2
AAA,2013J,100326,5389,81,6
AAA,2013J,100326,5389,87,3
AAA,2013J,100285,5390,35,1
AAA,2013J,100285,5390,63,2
AAA,2013J,100285,5390,155,2
AAA,2013J,100285,5390,152,5
AAA,2013J,100285,5390,165,3
AAA,2013J,100285,5390,144,1
CCC,2014J,100654,5391,139,2
CCC,2014J,100654,5391,47,9
CCC,2014J,100654,5391,72,3
CCC,2014J,100654,5391,192,1
CCC,2014J,100654,5391,78,1
BBB,2013J,100349,5392,192,9
BBB,2013J,100349,5392,159,7
BBB,2013J,100349,5392,207,5
BBB,2013J,100349,5392,231,9
BBB,2013J,100349,5392,151,10
BBB,2013J,100349,5392,10,11
BBB,2013J,100349,5392,225,2
BBB,2013J,100349,5392,31,9
BBB,2013J,100349,5392,170,8
BBB,2013J,100349,5392,59,5
BBB,2013J,100349,5392,184,7
BBB,2013J,100349,5392,193,6
BBB,2013J,100349,5392,190,7
BBB,2013J,100349,5392,65,7
BBB,2013J,100349,5392,154,8
CCC,2013J,100089,5393,45,4
CCC,2013J,100089,5393,113,4
CCC,2013J,100089,5393,153,4
CCC,2013J,100089,5393,53,8
CCC,2013J,100089,5393,13,2
CCC,2013J,100089,5393,92,10
CCC,2013J,100089,5393,120,4
CCC,2013J,100089,5393,161,7
CCC,2013J,100383,5394,29,1
CCC,2013J,100383,5394,21,4
CCC,2013J,100383,5394,153,2
CCC,2013J,100383,5394,132,3
CCC,2013J,100383,5394,205,1
CCC,2013J,100383,5394,17,7
CCC,2013J,100383,5394,78,3
CCC,2013J,100383,5394,92,1
AAA,2013J,100191,5395,163,4
AAA,2013J,100191,5395,25,5
AAA,2013J,100191,5395,114,3
AAA,2013J,100191,5395,8,3
AAA,2013J,100191,5395,192,3
AAA,2013J,100191,5395,220,6
AAA,2013J,100191,5395,51,7
AAA,2013J,100191,5395,12,5
AAA,2013J,100191,5395,181,6
AAA,2013J,100191,5395,165,11
AAA,2013J,100191,5395,190,5
AAA,2014J,100881,5396,204,3
AAA,2014J,100881,5396,202,4
BBB,2013J,100766,5397,17,5
BBB,2013J,100766,5397,150,2
BBB,2013J,100766,5397,21,4
BBB,2013J,100766,5397,158,3
BBB,2013J,100766,5397,24,4
BBB,2013J,100766,5397,195,1
BBB,2013J,100766,5397,64,3
BBB,2013J,100766,5397,24,3
BBB,2013J,100476,5398,163,4
BBB,2013J,100476,5398,60,8
BBB,2013J,100476,5398,165,11
BBB,2013J,100476,5398,27,3
BBB,2013J,100476,5398,44,7
BBB,2013J,100476,5398,188,7
BBB,2013J,100476,5398,216,4
BBB,2013J,100476,5398,165,11
BBB,2013J,100476,5398,109,3
BBB,2013J,100476,5398,213,5
BBB,2013J,100476,5398,84,6
BBB,2013J,100476,5398,153,5
CCC,2013J,100805,5399,85,7
CCC,2013J,100805,5399,140,9
CCC,2013J,100805,5399,172,7
CCC,2013J,100805,5399,95,4
CCC,2013J,100805,5399,233,7
CCC,2013J,100805,5399,55,3
CCC,2013J,100805,5399,82,9
CCC,2013J,100805,5399,43,5
CCC,2013J,100805,5399,82,5
CCC,2013J,100805,5399,190,9
CCC,2013J,100805,5399,113,5
CCC,2013J,100805,5399,211,10
CCC,2013J,100805,5399,213,5
BBB,2013J,100493,5400,77,2
BBB,2013J,100493,5400,17,2
BBB,2013J,100493,5400,104,1
BBB,2013J,100493,5400,44,3
BBB,2013J,100493,5400,169,2
BBB,2013J,100493,5400,96,2
AAA,2013J,100312,5401,132,1
AAA,2013J,100312,5401,151,5
AAA,2013J,100312,5401,112,5
AAA,2013J,100312,5401,80,8
AAA,2013J,100312,5401,153,7
AAA,2013J,100312,5401,47,7
AAA,2013J,100312,5401,131,4
AAA,2013J,100312,5401,180,3
AAA,2013J,100573,5402,55,10
AAA,2013J,100573,5402,84,10
AAA,2013J,100573,5402,108,14
AAA,2013J,100573,5402,121,8
AAA,2013J,100573,5402,185,9
AAA,2013J,100573,5402,22,12
AAA,2013J,100573,5402,139,9
AAA,2013J,100573,5402,125,11
AAA,2013J,100573,5402,188,10
AAA,2013J,100573,5402,86,11
BBB,2013J,100367,5403,88,5
BBB,2013J,100367,5403,205,2
BBB,2013J,100367,5403,29,1
BBB,2013J,100367,5403,218,1
BBB,2013J,100367,5403,199,4
BBB,2013J,100367,5403,227,3
BBB,2013J,100603,5404,149,3
BBB,2013J,100603,5404,171,1
BBB,2013J,100603,5404,123,2
BBB,2013J,100603,5404,17,1
BBB,2013J,100603,5404,144,1
BBB,2013J,100603,5404,42,5
BBB,2013J,100554,5405,204,3
BBB,2013J,100554,5405,238,3
BBB,2013J,100554,5405,229,2
BBB,2013J,100554,5405,179,3
BBB,2013J,100554,5405,213,3
BBB,2013J,100554,5405,32,1
BBB,2013J,100554,5405,212,3
BBB,2013J,100554,5405,102,2
CCC,2014J,100248,5406,50,4
CCC,2014J,100248,5406,83,1
CCC,2014J,100248,5406,190,5
CCC,2014J,100248,5406,158,4
CCC,2014J,100248,5406,2,7
CCC,2014J,100248,5406,10,8
CCC,2014J,100248,5406,208,4
CCC,2014J,100248,5406,190,2
CCC,2014J,100248,5406,190,9
CCC,2014J,100248,5406,206,2
BBB,2014J,100329,5407,153,1
BBB,2014J,100329,5407,24,5
CCC,2013J,100276,5408,5,7
CCC,2013J,100276,5408,47,9
CCC,2013J,100276,5408,27,9
CCC,2013J,100276,5408,164,8
CCC,2013J,100276,5408,221,8
CCC,2013J,100276,5408,20,4
CCC,2013J,100276,5408,7,6
CCC,2013J,100276,5408,211,9
CCC,2013J,100276,5408,91,9
CCC,2013J,100276,5408,28,6
CCC,2013J,100276,5408,46,1
CCC,2013J,100276,5408,162,8
CCC,2013J,100276,5408,20,5
CCC,2013J,100276,5408,96,8
CCC,2013J,100276,5408,233,8
CCC,2013J,100276,5408,103,5
CCC,2013J,100276,5408,39,4
CCC,2014J,100734,5409,225,6
CCC,2014J,100734,5409,235,4
CCC,2014J,100734,5409,20,10
CCC,2014J,100734,5409,132,5
CCC,2014J,100734,5409,216,8
CCC,2014J,100734,5409,78,2
CCC,2014J,100734,5409,14,7
CCC,2014J,100734,5409,28,3
CCC,2014J,100734,5409,173,8
CCC,2014J,100734,5409,220,3
CCC,2014J,100734,5409,169,10
CCC,2014J,100734,5409,9,8
CCC,2014J,100734,5409,99,6
CCC,2014J,100734,5409,83,5
CCC,2014J,100734,5409,218,1
AAA,2013J,100474,5410,127,6
AAA,2013J,100474,5410,94,2
AAA,2013J,100474,5410,211,2
AAA,2013J,100474,5410,36,7
AAA,2013J,100474,5410,19,2
AAA,2013J,100474,5410,128,5
AAA,2013J,100474,5410,149,5
AAA,2013J,100474,5410,120,5
AAA,2013J,100474,5410,168,6
AAA,2013J,100474,5410,207,5
AAA,2013J,100474,5410,146,6
AAA,2013J,100474,5410,129,4
AAA,2013J,100474,5410,163,5
AAA,2013J,100474,5410,51,9
AAA,2014J,100781,5411,59,5
AAA,2014J,100781,5411,73,5
AAA,2014J,100781,5411,230,5
AAA,2014J,100781,5411,77,3
AAA,2014J,100781,5411,171,4
AAA,2014J,100781,5411,146,5
AAA,2014J,100781,5411,188,6
AAA,2014J,100781,5411,175,6
AAA,2014J,100781,5411,143,4
BBB,2014J,100213,5412,47,5
BBB,2014J,100213,5412,45,7
BBB,2014J,100213,5412,236,4
BBB,2014J,100213,5412,213,2
BBB,2014J,100213,5412,61,12
BBB,2014J,100213,5412,115,10
BBB,2014J,100213,5412,206,3
BBB,2014J,100213,5412,59,4
BBB,2014J,100213,5412,158,9
BBB,2014J,100213,5412,89,8
BBB,2013J,100884,5413,152,2
BBB,2013J,100884,5413,165,5
BBB,2013J,100884,5413,106,10
BBB,2013J,100884,5413,191,7
BBB,2013J,100884,5413,215,7
AAA,2013J,100484,5414,151,3
AAA,2013J,100484,5414,120,4
AAA,2013J,100484,5414,239,2
AAA,2013J,100484,5414,25,3
AAA,2013J,100484,5414,228,4
AAA,2013J,100484,5414,194,3
AAA,2013J,100484,5414,98,3
AAA,2013J,100484,5414,67,6
AAA,2013J,100484,5414,200,5
AAA,2013J,100484,5414,32,2
AAA,2013J,100484,5414,218,6
AAA,2013J,100484,5414,226,1
CCC,2014J,100730,5415,60,7
CCC,2014J,100730,5415,218,9
CCC,2014J,100730,5415,21,12
CCC,2014J,100730,5415,21,11
CCC,2014J,100730,5415,10,11
CCC,2014J,100730,5415,55,10
CCC,2014J,100730,5415,210,7
CCC,2014J,100730,5415,49,9
CCC,2014J,100730,5415,106,7
CCC,2014J,100730,5415,193,10
CCC,2014J,100730,5415,211,5
CCC,2014J,100730,5415,105,11
CCC,2014J,100730,5415,87,7
CCC,2014J,100730,5415,111,17
CCC,2014J,100730,5415,141,7
CCC,2014J,100730,5415,77,12
CCC,2014J,100730,5415,161,9
CCC,2014J,100730,5415,193,10
CCC,2014J,100730,5415,12,11
AAA,2013J,100711,5416,30,10
AAA,2013J,100711,5416,236,15
AAA,2013J,100711,5416,129,12
AAA,2013J,100711,5416,231,11
AAA,2013J,100711,5416,219,9
AAA,2013J,100711,5416,236,10
AAA,2013J,100711,5416,56,11
AAA,2013J,100711,5416,197,8
AAA,2013J,100711,5416,9,11
AAA,2014J,100576,5417,120,1
CCC,2014J,100759,5418,59,12
CCC,2014J,100759,5418,215,8
CCC,2014J,100759,5418,117,15
CCC,2014J,100759,5418,167,9
CCC,2014J,100759,5418,49,10
CCC,2014J,100759,5418,109,9
CCC,2014J,100759,5418,194,9
CCC,2014J,100759,5418,56,11
CCC,2014J,100759,5418,94,10
CCC,2014J,100759,5418,143,9
CCC,2014J,100759,5418,48,11
CCC,2014J,100759,5418,142,5
CCC,2014J,100759,5418,147,5
CCC,2014J,100759,5418,127,12
CCC,2014J,100759,5418,39,7
CCC,2014J,100759,5418,177,10
CCC,2014J,100759,5418,201,16
CCC,2014J,100616,5419,58,4
CCC,2014J,100616,5419,116,1
CCC,2014J,100616,5419,120,1
CCC,2014J,100616,5419,194,1
CCC,2014J,100616,5419,33,2
AAA,2013J,100878,5420,216,6
AAA,2013J,100878,5420,5,9
AAA,2013J,100878,5420,189,4
AAA,2013J,100878,5420,120,9
AAA,2013J,100878,5420,92,5
AAA,2013J,100878,5420,25,9
AAA,2013J,100878,5420,76,4
AAA,2013J,100878,5420,161,11
AAA,2013J,100878,5420,123,6
AAA,2013J,100878,5420,14,2
AAA,2013J,100878,5420,73,6
AAA,2013J,100878,5420,7,10
AAA,2013J,100878,5420,87,12
AAA,2013J,100878,5420,217,8
AAA,2013J,100878,5420,181,5
AAA,2013J,100878,5420,220,9
AAA,2013J,100878,5420,39,7
AAA,2013J,100878,5420,149,6
CCC,2014J,100048,5421,75,5
CCC,2014J,100048,5421,27,11
CCC,2014J,100048,5421,167,6
CCC,2014J,100048,5421,127,7
CCC,2014J,100048,5421,172,5
CCC,2014J,100048,5421,96,8
CCC,2014J,100048,5421,36,6
CCC,2014J,100048,5421,216,8
CCC,2014J,100048,5421,231,5
CCC,2014J,100048,5421,182,6
CCC,2014J,100048,5421,5,7
CCC,2014J,100048,5421,192,4
CCC,2014J,100048,5421,239,13
CCC,2014J,100048,5421,99,9
CCC,2014J,100048,5421,120,7
CCC,2014J,100048,5421,5,8
CCC,2014J,100048,5421,144,6
CCC,2014J,100048,5421,182,6
CCC,2014J,100048,5421,48,3
CCC,2014J,100048,5421,151,9
CCC,2013J,100517,5422,158,1
AAA,2013J,100356,5423,141,10
AAA,2013J,100356,5423,166,6
AAA,2013J,100356,5423,165,8
AAA,2013J,100356,5423,142,5
AAA,2013J,100356,5423,21,4
AAA,2013J,100356,5423,28,5
AAA,2013J,100356,5423,144,5
AAA,2013J,100356,5423,149,1
AAA,2013J,100356,5423,154,3
AAA,2013J,100356,5423,185,4
AAA,2013J,100356,5423,94,3
BBB,2014J,100380,5424,215,4
BBB,2014J,100380,5424,103,9
BBB,2014J,100380,5424,45,5
BBB,2014J,100380,5424,30,3
BBB,2014J,100380,5424,239,2
BBB,2014J,100380,5424,6,6
BBB,2014J,100380,5424,89,9
BBB,2014J,100380,5424,132,10
BBB,2014J,100380,5424,70,9
BBB,2014J,100380,5424,37,3
BBB,2014J,100380,5424,154,4
BBB,2014J,100380,5424,16,8
BBB,2014J,100380,5424,233,7
BBB,2014J,100380,5424,114,3
BBB,2014J,100380,5424,176,3
AAA,2014J,100528,5425,202,5
AAA,2014J,100528,5425,81,5
AAA,2014J,100528,5425,209,5
AAA,2014J,100528,5425,101,2
AAA,2014J,100230,5426,234,3
AAA,2014J,100230,5426,105,6
AAA,2014J,100230,5426,142,8
AAA,2014J,100230,5426,142,3
AAA,2014J,100230,5426,68,12
AAA,2014J,100230,5426,195,10
AAA,2014J,100230,5426,168,14
AAA,2014J,100230,5426,199,9
AAA,2014J,100230,5426,28,11
AAA,2014J,100230,5426,162,7
AAA,2014J,100230,5426,82,5
AAA,2014J,100230,5426,183,6
AAA,2014J,100230,5426,122,8
AAA,2014J,100230,5426,124,4
AAA,2014J,100230,5426,140,7
AAA,2014J,100230,5426,53,8
AAA,2014J,100230,5426,139,8
AAA,2014J,100230,5426,211,10
AAA,2014J,100230,5426,19,11
AAA,2014J,100230,5426,40,9
AAA,2014J,100337,5427,8,1
AAA,2014J,100337,5427,179,8
AAA,2014J,100337,5427,174,7
AAA,2014J,100337,5427,29,7
AAA,2014J,100337,5427,27,5
AAA,2013J,100095,5428,201,3
AAA,2013J,100095,5428,150,6
AAA,2013J,100095,5428,193,2
AAA,2013J,100095,5428,103,1
AAA,2013J,100095,5428,27,4
BBB,2013J,100891,5429,117,11
BBB,2013J,100891,5429,188,5
BBB,2013J,100891,5429,139,8
BBB,2013J,100891,5429,222,8
BBB,2013J,100891,5429,195,5
BBB,2013J,100891,5429,66,5
BBB,2013J,100891,5429,94,12
BBB,2013J,100891,5429,161,4
BBB,2013J,100891,5429,100,5
BBB,2013J,100891,5429,94,8
BBB,2013J,100891,5429,204,9
BBB,2013J,100891,5429,26,6
BBB,2013J,100891,5429,117,3
BBB,2013J,100891,5429,90,3
BBB,2013J,100891,5429,176,12
BBB,2013J,100891,5429,236,9
BBB,2013J,100891,5429,217,10
BBB,2013J,100891,5429,84,5
BBB,2013J,100891,5429,94,7
BBB,2013J,100891,5429,29,7
BBB,2013J,100891,5429,213,8
BBB,2014J,100466,5430,122,3
BBB,2014J,100466,5430,76,3
BBB,2014J,100466,5430,204,3
BBB,2014J,100466,5430,108,7
BBB,2014J,100466,5430,92,8
BBB,2014J,100466,5430,68,4
BBB,2014J,100466,5430,128,5
BBB,2014J,100466,5430,186,7
BBB,2014J,100466,5430,149,11
AAA,2013J,100336,5431,42,9
AAA,2013J,100336,5431,177,7
AAA,2013J,100336,5431,234,4
AAA,2013J,100336,5431,147,7
AAA,2013J,100336,5431,231,8
AAA,2013J,100336,5431,32,6
AAA,2013J,100336,5431,124,8
AAA,2013J,100336,5431,186,3
AAA,2013J,100336,5431,82,5
AAA,2013J,100336,5431,200,3
AAA,2013J,100336,5431,26,5
AAA,2013J,100336,5431,206,7
AAA,2013J,100336,5431,13,6
AAA,2013J,100568,5432,14,2
AAA,2013J,100568,5432,71,1
AAA,2013J,100568,5432,19,2
AAA,2014J,100378,5433,89,1
CCC,2014J,100119,5434,138,1
CCC,2014J,100119,5434,141,3
CCC,2014J,100119,5434,129,3
CCC,2014J,100119,5434,173,4
CCC,2014J,100119,5434,118,5
CCC,2014J,100727,5435,80,5
CCC,2014J,100727,5435,44,5
CCC,2014J,100727,5435,4,4
CCC,2014J,100727,5435,220,5
CCC,2014J,100727,5435,124,4
CCC,2014J,100727,5435,174,4
CCC,2014J,100727,5435,146,6
CCC,2014J,100727,5435,74,10
CCC,2014J,100727,5435,196,6
CCC,2014J,100727,5435,52,13
BBB,2013J,100141,5436,193,12
BBB,2013J,100141,5436,236,3
BBB,2013J,100141,5436,66,10
BBB,2013J,100141,5436,115,9
BBB,2013J,100141,5436,140,6
BBB,2013J,100141,5436,70,11
BBB,2013J,100141,5436,36,4
BBB,2013J,100141,5436,74,4
BBB,2013J,100141,5436,0,2
BBB,2013J,100141,5436,152,6
BBB,2013J,100141,5436,62,7
BBB,2013J,100141,5436,106,4
BBB,2013J,100141,5436,72,7
CCC,2013J,100503,5437,198,4
CCC,2013J,100503,5437,89,5
CCC,2013J,100503,5437,168,4
CCC,2013J,100503,5437,21,3
CCC,2013J,100503,5437,209,4
CCC,2013J,100503,5437,179,3
BBB,2013J,100672,5438,187,5
BBB,2013J,100672,5438,19,5
BBB,2013J,100672,5438,71,3
BBB,2013J,100672,5438,160,15
BBB,2013J,100672,5438,70,7
BBB,2013J,100672,5438,156,6
BBB,2013J,100672,5438,215,9
BBB,2013J,100672,5438,197,5
BBB,2013J,100672,5438,117,8
BBB,2013J,100672,5438,49,7
BBB,2013J,100672,5438,76,8
BBB,2013J,100672,5438,132,9
BBB,2013J,100672,5438,178,9
BBB,2013J,100672,5438,216,9
AAA,2014J,100742,5439,104,5
AAA,2014J,100742,5439,33,4
AAA,2014J,100742,5439,117,3
AAA,2014J,100742,5439,227,14
AAA,2014J,100742,5439,164,9
AAA,2014J,100742,5439,169,13
AAA,2014J,100742,5439,136,8
AAA,2014J,100742,5439,86,8
AAA,2014J,100742,5439,112,5
AAA,2014J,100742,5439,99,12
AAA,2014J,100742,5439,139,6
AAA,2014J,100742,5439,203,13
AAA,2014J,100742,5439,3,8
AAA,2014J,100742,5439,114,6
AAA,2014J,100742,5439,63,6
BBB,2013J,100465,5440,236,1
BBB,2013J,100465,5440,124,5
BBB,2013J,100465,5440,217,1
BBB,2013J,100465,5440,238,7
BBB,2013J,100465,5440,125,5
BBB,2013J,100465,5440,232,3
BBB,2013J,100465,5440,2,2
BBB,2013J,100465,5440,197,6
BBB,2013J,100465,5440,50,4
BBB,2013J,100465,5440,85,5
BBB,2013J,100465,5440,84,3
BBB,2013J,100465,5440,53,8
BBB,2013J,100465,5440,68,6
AAA,2013J,100398,5441,56,2
AAA,2013J,100398,5441,199,1
AAA,2014J,100122,5442,158,10
AAA,2014J,100122,5442,11,16
AAA,2014J,100122,5442,118,7
AAA,2014J,100122,5442,26,3
AAA,2014J,100122,5442,11,13
AAA,2014J,100122,5442,77,8
AAA,2014J,100122,5442,141,7
AAA,2014J,100122,5442,221,5
AAA,2014J,100122,5442,13,8
AAA,2014J,100122,5442,123,9
AAA,2014J,100122,5442,183,2
AAA,2014J,100122,5442,78,11
AAA,2014J,100122,5442,193,14
AAA,2014J,100122,5442,108,8
AAA,2014J,100122,5442,1,10
AAA,2014J,100122,5442,63,10
AAA,2014J,100122,5442,100,8
AAA,2014J,100076,5443,149,4
AAA,2014J,100076,5443,157,2
AAA,2014J,100076,5443,226,5
AAA,2014J,100076,5443,224,7
AAA,2014J,100071,5444,41,4
AAA,2014J,100071,5444,183,6
AAA,2014J,100071,5444,139,3
AAA,2014J,100071,5444,75,7
AAA,2014J,100071,5444,69,5
AAA,2014J,100344,5445,182,2
BBB,2014J,100816,5446,194,1
BBB,2014J,100816,5446,238,1
BBB,2014J,100816,5446,54,2
CCC,2013J,100187,5447,74,13
CCC,2013J,100187,5447,207,13
CCC,2013J,100187,5447,117,18
CCC,2013J,100187,5447,160,13
CCC,2013J,100187,5447,88,20
CCC,2013J,100187,5447,140,11
CCC,2013J,100187,5447,36,12
CCC,2013J,100187,5447,100,10
CCC,2013J,100187,5447,108,21
CCC,2013J,100187,5447,59,11
CCC,2013J,100187,5447,218,13
CCC,2013J,100187,5447,147,11
CCC,2013J,100187,5447,208,15
CCC,2013J,100187,5447,36,14
CCC,2013J,100187,5447,101,9
CCC,2013J,100187,5447,194,12
CCC,2013J,100187,5447,39,9
CCC,2013J,100187,5447,50,8
CCC,2013J,100187,5447,221,18
AAA,2013J,100042,5448,28,1
AAA,2013J,100042,5448,87,2
AAA,2013J,100042,5448,118,1
CCC,2013J,100831,5449,235,3
CCC,2013J,100831,5449,224,4
CCC,2013J,100831,5449,14,5
CCC,2013J,100831,5449,16,6
CCC,2013J,100831,5449,165,4
BBB,2014J,100274,5450,227,9
BBB,2014J,100274,5450,213,11
BBB,2014J,100274,5450,47,6
BBB,2014J,100274,5450,135,12
BBB,2014J,100274,5450,19,11
BBB,2014J,100274,5450,107,6
BBB,2014J,100274,5450,42,10
BBB,2014J,100274,5450,17,10
BBB,2014J,100274,5450,199,9
BBB,2014J,100274,5450,181,8
BBB,2014J,100274,5450,83,13
BBB,2014J,100274,5450,99,8
BBB,2014J,100274,5450,127,6
BBB,2013J,100461,5451,22,7
BBB,2013J,100461,5451,146,4
BBB,2013J,100461,5451,99,6
BBB,2013J,100461,5451,160,4
BBB,2013J,100461,5451,51,3
BBB,2013J,100461,5451,145,2
BBB,2013J,100461,5451,44,4
AAA,2014J,100240,5452,221,8
AAA,2014J,100240,5452,238,3
AAA,2014J,100240,5452,116,7
AAA,2014J,100240,5452,104,6
AAA,2014J,100240,5452,214,3
AAA,2014J,100240,5452,16,7
AAA,2014J,100240,5452,159,8
AAA,2014J,100240,5452,4,7
AAA,2014J,100240,5452,228,3
AAA,2014J,100240,5452,194,7
AAA,2014J,100240,5452,127,6
AAA,2014J,100240,5452,94,5
AAA,2013J,100327,5453,218,1
AAA,2014J,100689,5454,56,1
BBB,2013J,100459,5455,94,4
BBB,2013J,100459,5455,121,2
BBB,2013J,100459,5455,219,1
BBB,2013J,100459,5455,237,4
BBB,2013J,100459,5455,178,5
BBB,2013J,100459,5455,151,4
BBB,2013J,100459,5455,8,1
BBB,2013J,100459,5455,208,4
BBB,2013J,100459,5455,37,5
AAA,2014J,100150,5456,27,1
AAA,2014J,100150,5456,38,1
AAA,2014J,100150,5456,19,4
AAA,2014J,100150,5456,146,1
AAA,2014J,100150,5456,238,3
AAA,2014J,100150,5456,153,1
AAA,2014J,100150,5456,134,4
AAA,2014J,100150,5456,205,3
AAA,2013J,100350,5457,213,1
AAA,2013J,100350,5457,11,2
AAA,2013J,100350,5457,73,1
BBB,2013J,100648,5458,182,2
BBB,2013J,100648,5458,87,7
BBB,2013J,100648,5458,59,9
BBB,2013J,100648,5458,26,6
BBB,2013J,100648,5458,139,5
BBB,2013J,100648,5458,232,5
BBB,2013J,100648,5458,61,4
BBB,2013J,100648,5458,17,6
BBB,2013J,100648,5458,224,10
CCC,2014J,100299,5459,226,2
CCC,2014J,100299,5459,185,8
CCC,2014J,100299,5459,15,4
CCC,2014J,100299,5459,148,6
CCC,2014J,100299,5459,138,5
CCC,2014J,100299,5459,125,8
CCC,2014J,100299,5459,173,7
CCC,2014J,100299,5459,105,2
CCC,2014J,100299,5459,170,7
CCC,2014J,100299,5459,111,6
CCC,2014J,100299,5459,226,5
CCC,2014J,100299,5459,200,4
BBB,2013J,100290,5460,231,4
BBB,2013J,100290,5460,73,10
BBB,2013J,100290,5460,79,9
BBB,2013J,100290,5460,107,9
BBB,2013J,100290,5460,45,4
BBB,2013J,100290,5460,26,14
BBB,2013J,100290,5460,214,8
BBB,2013J,100290,5460,164,4
BBB,2013J,100290,5460,80,4
BBB,2013J,100290,5460,136,7
BBB,2013J,100290,5460,119,6
BBB,2013J,100290,5460,23,8
BBB,2013J,100290,5460,181,7
AAA,2014J,100596,5461,24,9
AAA,2014J,100596,5461,218,12
AAA,2014J,100596,5461,36,5
AAA,2014J,100596,5461,39,8
AAA,2014J,100596,5461,138,10
AAA,2014J,100596,5461,228,9
AAA,2014J,100596,5461,182,9
AAA,2014J,100596,5461,146,9
AAA,2014J,100596,5461,63,8
CCC,2014J,100756,5462,115,8
CCC,2014J,100756,5462,230,3
CCC,2014J,100756,5462,213,4
CCC,2014J,100756,5462,218,4
CCC,2014J,100756,5462,35,6
CCC,2014J,100756,5462,75,6
CCC,2014J,100756,5462,18,7
AAA,2014J,100810,5463,214,5
AAA,2014J,100810,5463,37,5
AAA,2014J,100810,5463,87,1
AAA,2014J,100810,5463,57,5
AAA,2014J,100810,5463,122,7
AAA,2014J,100810,5463,120,6
AAA,2014J,100810,5463,31,6
AAA,2014J,100810,5463,112,4
AAA,2013J,100414,5464,93,9
AAA,2013J,100414,5464,119,7
AAA,2013J,100414,5464,151,6
AAA,2013J,100414,5464,20,1
AAA,2013J,100414,5464,45,6
AAA,2013J,100414,5464,12,7
AAA,2013J,100414,5464,189,8
AAA,2013J,100414,5464,134,6
BBB,2014J,100713,5465,59,5
BBB,2014J,100713,5465,55,6
BBB,2014J,100713,5465,199,6
BBB,2014J,100713,5465,25,4
BBB,2014J,100713,5465,62,3
BBB,2014J,100713,5465,228,4
BBB,2014J,100713,5465,48,5
AAA,2013J,100507,5466,98,3
AAA,2013J,100507,5466,114,5
AAA,2013J,100507,5466,197,5
AAA,2013J,100507,5466,145,2
AAA,2013J,100507,5466,41,3
AAA,2013J,100507,5466,64,2
AAA,2013J,100507,5466,74,4
AAA,2013J,100507,5466,145,2
AAA,2013J,100507,5466,183,3
AAA,2013J,100507,5466,35,2
CCC,2014J,100320,5467,98,3
CCC,2014J,100320,5467,223,1
CCC,2014J,100320,5467,182,1
CCC,2014J,100320,5467,34,4
CCC,2014J,100320,5467,125,3
CCC,2014J,100320,5467,237,3
CCC,2014J,100320,5467,107,4
CCC,2014J,100320,5467,143,2
CCC,2014J,100073,5468,153,4
CCC,2014J,100073,5468,2,1
CCC,2014J,100073,5468,108,1
AAA,2013J,100891,5469,72,4
AAA,2013J,100891,5469,110,1
AAA,2013J,100891,5469,148,3
AAA,2013J,100891,5469,97,1
AAA,2013J,100891,5469,30,1
AAA,2013J,100891,5469,105,4
AAA,2013J,100891,5469,141,6
AAA,2013J,100891,5469,28,4
AAA,2013J,100891,5469,129,4
BBB,2013J,100408,5470,123,2
BBB,2013J,100408,5470,193,2
BBB,2013J,100408,5470,63,2
BBB,2013J,100408,5470,74,1
CCC,2014J,100280,5471,57,11
CCC,2014J,100280,5471,39,5
CCC,2014J,100280,5471,35,9
CCC,2014J,100280,5471,63,2
CCC,2014J,100280,5471,119,9
CCC,2014J,100280,5471,143,7
CCC,2014J,100280,5471,226,8
CCC,2014J,100280,5471,228,2
CCC,2014J,100280,5471,62,7
CCC,2014J,100280,5471,175,9
CCC,2014J,100280,5471,31,7
CCC,2014J,100280,5471,191,8
CCC,2014J,100280,5471,223,7
CCC,2014J,100280,5471,146,8
CCC,2014J,100280,5471,129,2
CCC,2014J,100280,5471,89,3
BBB,2013J,100176,5472,63,4
BBB,2013J,100176,5472,105,4
BBB,2013J,100176,5472,65,3
BBB,2013J,100176,5472,12,3
BBB,2013J,100176,5472,9,7
BBB,2013J,100176,5472,134,3
BBB,2013J,100176,5472,88,7
BBB,2013J,100176,5472,134,4
AAA,2013J,100744,5473,64,5
AAA,2013J,100744,5473,174,1
AAA,2014J,100092,5474,24,4
AAA,2014J,100092,5474,76,7
AAA,2014J,100092,5474,20,4
AAA,2014J,100092,5474,122,3
AAA,2014J,100092,5474,206,8
AAA,2014J,100092,5474,211,4
AAA,2014J,100092,5474,2,12
AAA,2014J,100092,5474,234,4
AAA,2014J,100092,5474,49,7
AAA,2014J,100092,5474,86,5
AAA,2014J,100092,5474,67,4
AAA,2014J,100092,5474,116,6
AAA,2014J,100092,5474,1,6
AAA,2014J,100092,5474,79,6
AAA,2014J,100092,5474,73,6
CCC,2013J,100452,5475,172,4
CCC,2013J,100452,5475,174,1
CCC,2013J,100452,5475,237,3
CCC,2013J,100452,5475,33,3
CCC,2013J,100452,5475,139,7
CCC,2013J,100452,5475,89,1
CCC,2013J,100452,5475,153,1
AAA,2014J,100859,5476,202,1
AAA,2014J,100859,5476,105,1
AAA,2014J,100077,5477,13,4
AAA,2014J,100077,5477,4,1
AAA,2014J,100077,5477,94,3
AAA,2014J,100077,5477,115,2
AAA,2014J,100077,5477,130,3
AAA,2014J,100077,5477,44,1
CCC,2013J,100799,5478,210,3
CCC,2013J,100799,5478,201,3
CCC,2013J,100799,5478,228,2
CCC,2013J,100799,5478,13,7
CCC,2013J,100799,5478,167,4
CCC,2013J,100799,5478,31,3
CCC,2013J,100799,5478,116,2
CCC,2013J,100799,5478,194,1
CCC,2013J,100669,5479,23,2
CCC,2013J,100669,5479,162,8
CCC,2013J,100669,5479,194,2
CCC,2013J,100669,5479,23,2
CCC,2013J,100669,5479,17,5
BBB,2014J,100759,5480,54,2
BBB,2014J,100759,5480,110,9
BBB,2014J,100759,5480,43,7
BBB,2014J,100759,5480,28,8
BBB,2014J,100759,5480,132,10
BBB,2014J,100759,5480,106,5
BBB,2014J,100759,5480,59,10
BBB,2014J,100759,5480,80,9
BBB,2014J,100759,5480,90,10
BBB,2014J,100759,5480,53,7
BBB,2014J,100759,5480,172,10
BBB,2014J,100759,5480,70,7
BBB,2014J,100759,5480,148,7
AAA,2014J,100099,5481,211,5
AAA,2014J,100099,5481,123,3
AAA,2014J,100099,5481,59,7
AAA,2014J,100099,5481,87,7
AAA,2014J,100099,5481,52,2
AAA,2014J,100099,5481,225,6
AAA,2014J,100099,5481,192,3
AAA,2014J,100099,5481,143,7
AAA,2014J,100099,5481,184,4
AAA,2014J,100002,5482,203,7
AAA,2014J,100002,5482,111,9
AAA,2014J,100002,5482,223,6
AAA,2014J,100002,5482,92,10
AAA,2014J,100002,5482,91,4
AAA,2014J,100002,5482,11,6
AAA,2014J,100002,5482,25,5
BBB,2014J,100690,5483,155,1
BBB,2014J,100690,5483,233,2
BBB,2014J,100690,5483,34,4
BBB,2014J,100690,5483,60,2
BBB,2014J,100690,5483,186,10
CCC,2013J,100633,5484,191,10
CCC,2013J,100633,5484,164,12
CCC,2013J,100633,5484,24,12
CCC,2013J,100633,5484,74,10
CCC,2013J,100633,5484,127,11
CCC,2013J,100633,5484,174,9
CCC,2013J,100633,5484,0,12
CCC,2013J,100633,5484,133,14
CCC,2013J,100633,5484,57,10
CCC,2013J,100633,5484,95,10
CCC,2013J,100633,5484,116,10
CCC,2013J,100633,5484,47,8
CCC,2013J,100633,5484,73,10
CCC,2013J,100633,5484,98,9
CCC,2013J,100633,5484,185,8
CCC,2013J,100633,5484,68,11
CCC,2013J,100633,5484,152,18
CCC,2013J,100633,5484,86,9
CCC,2013J,100633,5484,64,6
CCC,2013J,100633,5484,26,12
CCC,2014J,100182,5485,4,4
CCC,2014J,100182,5485,158,7
CCC,2014J,100182,5485,174,8
CCC,2014J,100182,5485,102,4
CCC,2014J,100182,5485,180,6
CCC,2014J,100182,5485,217,5
CCC,2014J,100182,5485,31,3
CCC,2014J,100182,5485,174,4
AAA,2013J,100562,5486,65,1
CCC,2014J,100590,5487,229,5
CCC,2014J,100590,5487,0,3
CCC,2014J,100590,5487,1,7
CCC,2014J,100590,5487,0,4
CCC,2014J,100590,5487,201,5
CCC,2014J,100590,5487,56,7
CCC,2014J,100590,5487,118,4
CCC,2014J,100590,5487,19,4
CCC,2014J,100590,5487,226,6
AAA,2014J,100698,5488,182,10
AAA,2014J,100698,5488,203,10
AAA,2014J,100698,5488,53,10
AAA,2014J,100698,5488,61,12
AAA,2014J,100698,5488,152,14
AAA,2014J,100698,5488,187,10
AAA,2014J,100698,5488,236,9
AAA,2014J,100698,5488,223,7
AAA,2014J,100698,5488,83,10
AAA,2014J,100698,5488,42,9
AAA,2014J,100698,5488,153,10
AAA,2014J,100698,5488,44,13
AAA,2014J,100698,5488,105,13
AAA,2014J,100698,5488,72,7
AAA,2014J,100698,5488,94,6
AAA,2014J,100698,5488,212,7
AAA,2014J,100698,5488,73,17
AAA,2014J,100698,5488,204,9
AAA,2014J,100698,5488,54,10
AAA,2014J,100698,5488,71,10
AAA,2014J,100698,5488,56,7
AAA,2014J,100698,5488,179,8
CCC,2014J,100527,5489,185,5
CCC,2014J,100527,5489,3,13
CCC,2014J,100527,5489,153,9
CCC,2014J,100527,5489,124,9
CCC,2014J,100527,5489,146,6
CCC,2014J,100527,5489,97,9
CCC,2014J,100527,5489,120,9
CCC,2014J,100527,5489,80,4
CCC,2014J,100527,5489,184,6
CCC,2014J,100527,5489,96,16
CCC,2014J,100527,5489,207,6
CCC,2014J,100527,5489,222,9
CCC,2014J,100527,5489,190,19
CCC,2014J,100527,5489,126,7
CCC,2014J,100527,5489,115,9
CCC,2014J,100527,5489,125,12
CCC,2014J,100527,5489,186,6
CCC,2014J,100527,5489,206,8
CCC,2014J,100527,5489,181,13
CCC,2014J,100527,5489,171,9
CCC,2014J,100527,5489,109,6
CCC,2014J,100527,5489,61,11
BBB,2013J,100477,5490,80,10
BBB,2013J,100477,5490,51,9
BBB,2013J,100477,5490,34,6
BBB,2013J,100477,5490,45,12
BBB,2013J,100477,5490,174,14
BBB,2013J,100477,5490,131,8
BBB,2013J,100477,5490,201,8
BBB,2013J,100477,5490,157,9
BBB,2013J,100477,5490,222,10
BBB,2013J,100477,5490,12,13
BBB,2013J,100477,5490,160,5
BBB,2013J,100477,5490,28,11
BBB,2013J,100477,5490,83,7
BBB,2013J,100477,5490,108,12
BBB,2013J,100477,5490,122,5
BBB,2013J,100477,5490,50,10
BBB,2013J,100477,5490,44,3
BBB,2013J,100477,5490,35,12
BBB,2013J,100477,5490,50,8
BBB,2013J,100477,5490,165,9
BBB,2013J,100477,5490,215,9
BBB,2013J,100477,5490,81,14
BBB,2013J,100477,5490,203,7
BBB,2013J,100477,5490,195,9
BBB,2014J,100309,5491,66,8
BBB,2014J,100309,5491,105,12
BBB,2014J,100309,5491,21,7
BBB,2014J,100309,5491,5,6
BBB,2014J,100309,5491,178,5
BBB,2014J,100309,5491,132,6
BBB,2014J,100309,5491,190,4
BBB,2014J,100309,5491,18,6
BBB,2014J,100309,5491,75,3
BBB,2014J,100309,5491,32,6
BBB,2014J,100309,5491,139,11
BBB,2014J,100309,5491,134,5
BBB,2014J,100309,5491,178,9
BBB,2014J,100309,5491,21,7
AAA,2014J,100539,5492,11,3
AAA,2014J,100539,5492,147,2
AAA,2013J,100756,5493,188,1
BBB,2014J,100279,5494,81,2
BBB,2014J,100279,5494,91,2
BBB,2014J,100279,5494,84,3
BBB,2014J,100279,5494,184,2
BBB,2014J,100279,5494,173,1
BBB,2014J,100279,5494,142,1
BBB,2014J,100154,5495,18,9
BBB,2014J,100154,5495,66,7
BBB,2014J,100154,5495,74,6
BBB,2014J,100154,5495,222,5
BBB,2014J,100154,5495,203,4
BBB,2014J,100154,5495,88,7
BBB,2014J,100154,5495,41,4
BBB,2014J,100154,5495,39,6
BBB,2014J,100154,5495,122,8
BBB,2014J,100154,5495,226,10
BBB,2014J,100154,5495,143,4
BBB,2014J,100154,5495,95,5
BBB,2014J,100154,5495,198,10
BBB,2014J,100154,5495,115,4
BBB,2014J,100154,5495,52,4
BBB,2014J,100154,5495,199,4
BBB,2014J,100154,5495,218,7
BBB,2013J,100374,5496,69,3
BBB,2013J,100374,5496,184,7
BBB,2013J,100374,5496,32,5
BBB,2013J,100374,5496,64,2
BBB,2013J,100374,5496,59,6
CCC,2013J,100684,5497,185,2
CCC,2013J,100684,5497,110,3
CCC,2013J,100684,5497,134,2
CCC,2013J,100684,5497,170,2
CCC,2013J,100684,5497,158,3
CCC,2013J,100684,5497,9,3
CCC,2013J,100684,5497,23,5
BBB,2014J,100892,5498,193,2
BBB,2014J,100892,5498,55,2
BBB,2014J,100892,5498,53,1
BBB,2014J,100892,5498,0,3
CCC,2014J,100171,5499,140,3
CCC,2014J,100171,5499,169,12
CCC,2014J,100171,5499,188,6
CCC,2014J,100171,5499,202,1
CCC,2014J,100171,5499,14,6
CCC,2014J,100171,5499,135,13
CCC,2014J,100171,5499,19,7
CCC,2014J,100171,5499,80,6
CCC,2014J,100171,5499,82,9
CCC,2014J,100171,5499,32,8
CCC,2014J,100171,5499,50,4
CCC,2014J,100171,5499,224,6
CCC,2014J,100171,5499,236,6
CCC,2014J,100171,5499,124,6
CCC,2014J,100171,5499,108,7
CCC,2014J,100171,5499,233,7
CCC,2013J,100617,5500,112,6
CCC,2013J,100617,5500,110,5
CCC,2013J,100617,5500,53,5
CCC,2013J,100617,5500,186,6
CCC,2013J,100617,5500,96,11
CCC,2013J,100617,5500,105,8
CCC,2013J,100617,5500,221,5
CCC,2013J,100617,5500,11,7
CCC,2013J,100617,5500,95,2
CCC,2013J,100617,5500,146,9
CCC,2013J,100617,5500,58,8
CCC,2013J,100617,5500,41,5
CCC,2013J,100617,5500,125,6
CCC,2013J,100617,5500,44,4
CCC,2013J,100617,5500,98,6
CCC,2013J,100617,5500,20,8
CCC,2013J,100617,5500,4,10
CCC,2013J,100617,5500,176,3
CCC,2013J,100394,5501,44,6
CCC,2013J,100394,5501,91,5
CCC,2013J,100394,5501,45,6
CCC,2013J,100394,5501,26,6
CCC,2013J,100394,5501,86,4
CCC,2013J,100394,5501,199,9
CCC,2013J,100394,5501,161,3
CCC,2013J,100394,5501,54,8
CCC,2013J,100394,5501,237,8
CCC,2013J,100394,5501,153,8
CCC,2013J,100394,5501,167,11
CCC,2013J,100394,5501,0,9
CCC,2013J,100394,5501,216,11
CCC,2013J,100394,5501,17,5
CCC,2014J,100012,5502,11,2
CCC,2014J,100012,5502,101,1
AAA,2014J,100630,5503,156,1
CCC,2013J,100767,5504,45,2
CCC,2013J,100767,5504,210,2
CCC,2013J,100767,5504,80,1
CCC,2013J,100767,5504,218,4
CCC,2013J,100767,5504,20,3
AAA,2013J,100397,5505,113,1
AAA,2013J,100397,5505,213,3
AAA,2013J,100397,5505,174,1
AAA,2013J,100397,5505,85,4
AAA,2013J,100397,5505,79,2
CCC,2014J,100828,5506,25,9
CCC,2014J,100828,5506,147,3
CCC,2014J,100828,5506,108,2
CCC,2014J,100828,5506,73,10
CCC,2014J,100828,5506,134,11
CCC,2014J,100828,5506,235,9
CCC,2014J,100828,5506,208,6
CCC,2014J,100828,5506,63,15
CCC,2014J,100828,5506,88,14
CCC,2014J,100828,5506,192,9
CCC,2014J,100828,5506,31,10
CCC,2014J,100828,5506,231,13
CCC,2014J,100828,5506,98,9
CCC,2014J,100828,5506,119,8
CCC,2014J,100828,5506,233,7
CCC,2014J,100828,5506,47,6
CCC,2014J,100828,5506,39,5
CCC,2014J,100828,5506,213,8
BBB,2014J,100786,5507,192,5
BBB,2014J,100786,5507,175,4
BBB,2014J,100786,5507,148,3
BBB,2014J,100786,5507,155,4
BBB,2014J,100786,5507,4,9
CCC,2013J,100668,5508,86,3
CCC,2013J,100668,5508,124,2
CCC,2013J,100668,5508,145,6
CCC,2013J,100668,5508,45,3
CCC,2013J,100668,5508,90,1
CCC,2013J,100668,5508,100,4
CCC,2013J,100668,5508,121,3
CCC,2013J,100668,5508,12,4
CCC,2013J,100668,5508,78,4
CCC,2013J,100668,5508,201,2
CCC,2013J,100668,5508,68,3
CCC,2013J,100668,5508,192,4
AAA,2013J,100441,5509,196,3
AAA,2013J,100441,5509,32,7
AAA,2013J,100441,5509,53,3
AAA,2013J,100441,5509,26,5
AAA,2013J,100441,5509,172,8
AAA,2013J,100441,5509,194,4
AAA,2013J,100441,5509,192,2
AAA,2013J,100441,5509,16,1
AAA,2013J,100441,5509,232,2
AAA,2013J,100441,5509,214,5
AAA,2013J,100441,5509,197,2
BBB,2014J,100566,5510,48,5
BBB,2014J,100566,5510,161,7
BBB,2014J,100566,5510,78,4
BBB,2014J,100566,5510,125,5
BBB,2014J,100566,5510,39,7
BBB,2014J,100566,5510,217,7
BBB,2014J,100566,5510,233,2
BBB,2014J,100566,5510,227,4
BBB,2014J,100566,5510,149,4
CCC,2014J,100168,5511,23,11
CCC,2014J,100168,5511,96,16
CCC,2014J,100168,5511,85,10
CCC,2014J,100168,5511,195,8
CCC,2014J,100168,5511,1,8
CCC,2014J,100168,5511,227,15
CCC,2014J,100168,5511,85,11
CCC,2014J,100168,5511,92,7
CCC,2014J,100168,5511,74,7
CCC,2014J,100168,5511,5,9
CCC,2014J,100168,5511,166,9
CCC,2014J,100168,5511,177,6
CCC,2014J,100168,5511,70,13
CCC,2014J,100168,5511,29,9
CCC,2014J,100168,5511,197,4
CCC,2014J,100168,5511,166,13
CCC,2014J,100168,5511,69,11
CCC,2014J,100168,5511,160,9
CCC,2014J,100168,5511,53,10
CCC,2014J,100168,5511,152,16
CCC,2014J,100168,5511,118,7
CCC,2014J,100168,5511,45,12
BBB,2013J,100114,5512,157,4
BBB,2013J,100114,5512,161,2
BBB,2013J,100114,5512,18,3
BBB,2013J,100114,5512,153,8
BBB,2013J,100114,5512,81,9
BBB,2013J,100114,5512,122,5
BBB,2013J,100114,5512,120,6
BBB,2013J,100114,5512,238,4
AAA,2013J,100166,5513,20,7
AAA,2013J,100166,5513,50,5
AAA,2013J,100166,5513,60,5
AAA,2013J,100166,5513,156,8
AAA,2013J,100166,5513,7,3
AAA,2013J,100166,5513,212,10
AAA,2013J,100166,5513,231,9
AAA,2013J,100166,5513,194,8
AAA,2013J,100166,5513,226,10
AAA,2013J,100166,5513,39,7
AAA,2013J,100166,5513,51,9
CCC,2013J,100108,5514,148,6
CCC,2013J,100108,5514,165,7
CCC,2013J,100108,5514,71,8
CCC,2013J,100108,5514,176,7
CCC,2013J,100108,5514,90,6
CCC,2013J,100108,5514,127,4
CCC,2013J,100108,5514,10,5
CCC,2013J,100108,5514,31,9
CCC,2013J,100108,5514,151,10
CCC,2013J,100108,5514,195,5
CCC,2013J,100108,5514,136,2
CCC,2013J,100108,5514,194,8
CCC,2013J,100108,5514,192,3
CCC,2013J,100707,5515,183,6
CCC,2013J,100707,5515,54,4
CCC,2013J,100707,5515,156,1
CCC,2013J,100707,5515,31,3
CCC,2013J,100707,5515,59,7
AAA,2013J,100428,5516,103,1
BBB,2013J,100085,5517,68,1
BBB,2013J,100085,5517,77,1
BBB,2014J,100714,5518,4,2
BBB,2014J,100714,5518,221,10
BBB,2014J,100714,5518,223,3
BBB,2014J,100714,5518,179,4
BBB,2014J,100714,5518,158,5
BBB,2014J,100714,5518,82,1
BBB,2014J,100714,5518,200,3
BBB,2014J,100714,5518,237,6
BBB,2014J,100714,5518,207,4
BBB,2014J,100714,5518,83,2
BBB,2013J,100363,5519,40,2
BBB,2013J,100363,5519,214,1
BBB,2013J,100363,5519,32,4
BBB,2013J,100363,5519,38,5
BBB,2013J,100363,5519,13,6
BBB,2013J,100363,5519,37,1
BBB,2013J,100363,5519,46,2
BBB,2013J,100363,5519,214,4
BBB,2013J,100363,5519,105,4
BBB,2013J,100874,5520,205,6
BBB,2013J,100874,5520,13,8
BBB,2013J,100874,5520,160,7
BBB,2013J,100874,5520,50,3
BBB,2013J,100874,5520,151,6
BBB,2013J,100874,5520,23,2
BBB,2013J,100874,5520,192,1
BBB,2013J,100874,5520,106,13
BBB,2013J,100874,5520,104,5
BBB,2013J,100874,5520,226,5
BBB,2013J,100874,5520,44,5
BBB,2013J,100874,5520,158,8
BBB,2013J,100665,5521,106,11
BBB,2013J,100665,5521,3,7
BBB,2013J,100665,5521,152,8
BBB,2013J,100665,5521,47,6
BBB,2013J,100665,5521,181,7
BBB,2013J,100665,5521,200,8
BBB,2013J,100665,5521,204,7
BBB,2013J,100665,5521,128,9
BBB,2013J,100665,5521,127,7
BBB,2013J,100665,5521,93,10
BBB,2013J,100665,5521,31,16
BBB,2013J,100665,5521,56,7
BBB,2013J,100665,5521,59,11
AAA,2013J,100131,5522,141,1
AAA,2013J,100131,5522,110,5
AAA,2013J,100131,5522,118,4
AAA,2013J,100131,5522,149,9
AAA,2013J,100131,5522,40,5
AAA,2013J,100131,5522,23,7
CCC,2014J,100148,5523,61,3
CCC,2014J,100148,5523,31,5
CCC,2014J,100148,5523,41,1
CCC,2014J,100148,5523,220,4
CCC,2014J,100148,5523,191,3
CCC,2014J,100148,5523,0,5
CCC,2014J,100148,5523,113,9
CCC,2014J,100148,5523,64,7
CCC,2014J,100148,5523,126,4
CCC,2014J,100148,5523,144,8
CCC,2014J,100148,5523,120,4
CCC,2014J,100148,5523,116,4
CCC,2014J,100148,5523,165,1
CCC,2014J,100148,5523,170,9
CCC,2014J,100148,5523,42,1
CCC,2014J,100148,5523,164,5
CCC,2014J,100148,5523,120,4
CCC,2014J,100148,5523,98,6
AAA,2013J,100342,5524,62,1
AAA,2013J,100342,5524,62,1
AAA,2013J,100342,5524,111,3
AAA,2013J,100342,5524,162,1
AAA,2013J,100342,5524,140,3
AAA,2014J,100720,5525,66,3
AAA,2014J,100720,5525,77,9
AAA,2014J,100720,5525,112,6
AAA,2014J,100720,5525,54,2
AAA,2014J,100720,5525,12,7
AAA,2014J,100720,5525,155,7
AAA,2014J,100720,5525,70,2
BBB,2013J,100597,5526,96,2
BBB,2013J,100532,5527,209,5
BBB,2013J,100532,5527,64,14
BBB,2013J,100532,5527,74,8
BBB,2013J,100532,5527,118,11
BBB,2013J,100532,5527,182,12
BBB,2013J,100532,5527,84,8
BBB,2013J,100532,5527,15,9
BBB,2013J,100532,5527,36,9
BBB,2013J,100532,5527,95,8
BBB,2013J,100532,5527,214,4
BBB,2013J,100532,5527,166,10
BBB,2013J,100532,5527,60,16
BBB,2013J,100532,5527,142,8
BBB,2013J,100532,5527,190,12
BBB,2013J,100532,5527,67,3
BBB,2013J,100433,5528,180,1
BBB,2013J,100433,5528,1,4
BBB,2013J,100433,5528,5,1
BBB,2013J,100433,5528,212,2
BBB,2013J,100433,5528,159,2
CCC,2013J,100743,5529,100,10
CCC,2013J,100743,5529,49,12
CCC,2013J,100743,5529,140,8
CCC,2013J,100743,5529,5,5
CCC,2013J,100743,5529,94,13
CCC,2013J,100743,5529,124,12
CCC,2013J,100743,5529,65,6
CCC,2013J,100743,5529,198,9
CCC,2013J,100743,5529,17,16
CCC,2013J,100743,5529,204,11
CCC,2013J,100743,5529,2,9
CCC,2013J,100743,5529,178,10
CCC,2013J,100743,5529,159,6
CCC,2013J,100743,5529,113,11
CCC,2013J,100743,5529,11,9
CCC,2013J,100743,5529,213,9
CCC,2013J,100743,5529,218,11
CCC,2013J,100743,5529,184,11
CCC,2013J,100743,5529,228,9
CCC,2013J,100743,5529,213,15
CCC,2013J,100743,5529,198,10
CCC,2013J,100743,5529,57,8
CCC,2013J,100743,5529,199,12
CCC,2013J,100743,5529,144,9
CCC,2013J,100743,5529,18,16
CCC,2013J,100743,5529,5,9
AAA,2014J,100161,5530,139,1
AAA,2014J,100161,5530,231,3
AAA,2014J,100161,5530,37,2
AAA,2014J,100161,5530,207,4
AAA,2014J,100161,5530,234,4
AAA,2014J,100161,5530,135,5
AAA,2014J,100161,5530,188,3
AAA,2013J,100657,5531,55,8
AAA,2013J,100657,5531,191,3
AAA,2013J,100657,5531,237,6
AAA,2013J,100657,5531,201,9
AAA,2013J,100657,5531,234,3
AAA,2013J,100657,5531,221,6
AAA,2013J,100657,5531,136,4
AAA,2013J,100657,5531,140,4
AAA,2013J,100657,5531,126,5
AAA,2013J,100657,5531,76,4
AAA,2013J,100657,5531,162,8
AAA,2013J,100657,5531,144,11
AAA,2013J,100657,5531,52,6
AAA,2013J,100657,5531,206,9
AAA,2013J,100657,5531,93,7
BBB,2014J,100384,5532,21,4
BBB,2014J,100384,5532,12,4
BBB,2014J,100384,5532,47,4
BBB,2014J,100384,5532,177,4
BBB,2014J,100384,5532,64,1
BBB,2014J,100384,5532,109,1
BBB,2014J,100384,5532,158,3
BBB,2014J,100384,5532,80,1
BBB,2014J,100384,5532,97,1
CCC,2014J,100680,5533,117,6
CCC,2014J,100680,5533,140,5
CCC,2014J,100680,5533,170,5
CCC,2014J,100680,5533,133,3
CCC,2014J,100680,5533,159,5
CCC,2014J,100680,5533,148,5
CCC,2014J,100680,5533,39,4
BBB,2014J,100080,5534,108,2
BBB,2014J,100080,5534,144,2
BBB,2014J,100080,5534,107,7
BBB,2014J,100080,5534,102,1
BBB,2014J,100080,5534,83,5
BBB,2014J,100080,5534,163,2
BBB,2014J,100080,5534,137,2
BBB,2013J,100740,5535,178,4
BBB,2013J,100740,5535,24,4
BBB,2013J,100740,5535,129,2
BBB,2013J,100740,5535,145,2
BBB,2013J,100586,5536,46,5
BBB,2013J,100586,5536,50,6
BBB,2013J,100586,5536,148,8
BBB,2013J,100586,5536,118,3
BBB,2013J,100586,5536,67,5
BBB,2013J,100586,5536,46,6
BBB,2013J,100586,5536,124,7
BBB,2013J,100586,5536,230,8
BBB,2013J,100586,5536,184,6
CCC,2014J,100865,5537,162,2
CCC,2014J,100865,5537,79,1
CCC,2014J,100865,5537,58,1
CCC,2014J,100865,5537,107,2
CCC,2014J,100865,5537,39,1
CCC,2014J,100865,5537,217,1
CCC,2013J,100017,5538,158,3
CCC,2013J,100017,5538,170,3
CCC,2013J,100017,5538,239,1
CCC,2014J,100683,5539,45,8
CCC,2014J,100683,5539,72,9
CCC,2014J,100683,5539,99,17
CCC,2014J,100683,5539,6,9
CCC,2014J,100683,5539,87,12
CCC,2014J,100683,5539,128,6
CCC,2014J,100683,5539,101,13
CCC,2014J,100683,5539,225,13
CCC,2014J,100683,5539,91,7
CCC,2014J,100683,5539,73,14
CCC,2014J,100683,5539,38,5
CCC,2014J,100683,5539,147,15
CCC,2014J,100683,5539,136,10
CCC,2014J,100683,5539,12,10
CCC,2014J,100683,5539,208,13
CCC,2014J,100683,5539,234,10
CCC,2014J,100683,5539,238,6
CCC,2014J,100683,5539,186,13
CCC,2014J,100683,5539,28,11
CCC,2014J,100683,5539,215,5
CCC,2014J,100683,5539,98,14
AAA,2014J,100039,5540,73,6
AAA,2014J,100039,5540,115,6
AAA,2014J,100039,5540,72,3
AAA,2014J,100039,5540,80,4
AAA,2014J,100039,5540,108,4
AAA,2014J,100039,5540,61,5
AAA,2014J,100039,5540,8,5
AAA,2014J,100393,5541,63,6
AAA,2014J,100393,5541,36,12
AAA,2014J,100393,5541,194,7
AAA,2014J,100393,5541,57,10
AAA,2014J,100393,5541,118,8
AAA,2014J,100393,5541,31,13
AAA,2014J,100393,5541,8,10
AAA,2014J,100393,5541,235,11
AAA,2014J,100393,5541,160,10
AAA,2014J,100393,5541,144,3
AAA,2014J,100393,5541,2,7
AAA,2014J,100393,5541,146,5
AAA,2014J,100393,5541,23,12
AAA,2014J,100393,5541,36,8
AAA,2014J,100393,5541,174,9
CCC,2013J,100620,5542,127,4
CCC,2013J,100620,5542,9,5
AAA,2014J,100309,5543,33,3
AAA,2014J,100309,5543,11,4
AAA,2014J,100309,5543,226,3
AAA,2014J,100309,5543,19,5
AAA,2014J,100309,5543,31,2
AAA,2014J,100309,5543,117,5
AAA,2014J,100309,5543,144,3
AAA,2014J,100309,5543,169,6
AAA,2014J,100541,5544,72,4
AAA,2014J,100541,5544,26,1
BBB,2014J,100762,5545,24,9
BBB,2014J,100762,5545,121,4
BBB,2014J,100762,5545,88,5
BBB,2014J,100762,5545,41,6
BBB,2014J,100762,5545,193,6
BBB,2014J,100762,5545,100,6
BBB,2014J,100762,5545,138,7
BBB,2014J,100762,5545,165,7
BBB,2014J,100762,5545,173,4
BBB,2014J,100762,5545,80,1
BBB,2014J,100762,5545,5,8
AAA,2014J,100578,5546,129,9
AAA,2014J,100578,5546,227,13
AAA,2014J,100578,5546,79,8
AAA,2014J,100578,5546,130,10
AAA,2014J,100578,5546,108,6
AAA,2014J,100578,5546,81,10
AAA,2014J,100578,5546,78,12
AAA,2014J,100578,5546,233,5
AAA,2014J,100578,5546,84,8
AAA,2014J,100578,5546,25,6
AAA,2014J,100578,5546,102,8
AAA,2014J,100578,5546,89,6
AAA,2014J,100578,5546,224,15
AAA,2014J,100578,5546,187,13
AAA,2014J,100578,5546,119,9
AAA,2014J,100578,5546,198,7
AAA,2014J,100578,5546,97,11
AAA,2014J,100578,5546,53,11
AAA,2014J,100578,5546,153,6
AAA,2014J,100578,5546,149,6
AAA,2014J,100578,5546,68,10
AAA,2014J,100578,5546,41,5
AAA,2014J,100578,5546,2,9
AAA,2014J,100578,5546,92,9
AAA,2014J,100578,5546,175,13
AAA,2014J,100578,5546,193,7
BBB,2014J,100253,5547,79,4
BBB,2014J,100253,5547,141,2
BBB,2014J,100253,5547,131,5
BBB,2014J,100253,5547,101,7
BBB,2014J,100253,5547,204,7
BBB,2014J,100253,5547,163,3
CCC,2013J,100628,5548,6,3
CCC,2013J,100628,5548,161,10
CCC,2013J,100628,5548,69,4
CCC,2013J,100628,5548,51,13
CCC,2013J,100628,5548,57,5
CCC,2013J,100628,5548,225,8
CCC,2013J,100628,5548,184,9
CCC,2013J,100628,5548,85,11
CCC,2013J,100628,5548,15,11
CCC,2013J,100628,5548,206,7
CCC,2013J,100628,5548,68,14
CCC,2013J,100628,5548,57,12
CCC,2013J,100628,5548,168,7
CCC,2013J,100628,5548,29,4
CCC,2013J,100628,5548,50,7
CCC,2013J,100628,5548,120,11
CCC,2013J,100628,5548,28,4
CCC,2013J,100628,5548,219,8
CCC,2013J,100273,5549,235,8
CCC,2013J,100273,5549,9,7
CCC,2013J,100273,5549,180,10
CCC,2013J,100273,5549,121,8
CCC,2013J,100273,5549,153,5
CCC,2013J,100273,5549,44,6
CCC,2013J,100273,5549,131,11
CCC,2013J,100273,5549,132,5
CCC,2013J,100273,5549,202,5
CCC,2013J,100273,5549,171,6
CCC,2013J,100273,5549,145,9
CCC,2013J,100273,5549,160,2
CCC,2013J,100273,5549,187,9
CCC,2013J,100273,5549,53,6
CCC,2013J,100273,5549,141,9
CCC,2013J,100273,5549,226,2
CCC,2013J,100273,5549,172,4
CCC,2013J,100273,5549,200,5
AAA,2013J,100831,5550,11,3
AAA,2013J,100831,5550,104,4
AAA,2013J,100831,5550,13,6
AAA,2013J,100831,5550,86,6
AAA,2013J,100831,5550,177,3
AAA,2013J,100831,5550,142,1
BBB,2014J,100093,5551,49,13
BBB,2014J,100093,5551,98,16
BBB,2014J,100093,5551,87,17
BBB,2014J,100093,5551,190,12
BBB,2014J,100093,5551,168,17
BBB,2014J,100093,5551,177,17
BBB,2014J,100093,5551,163,9
BBB,2014J,100093,5551,4,15
BBB,2014J,100093,5551,77,8
BBB,2014J,100093,5551,162,13
BBB,2014J,100093,5551,214,11
BBB,2014J,100093,5551,151,9
BBB,2014J,100093,5551,95,13
BBB,2014J,100093,5551,214,11
BBB,2014J,100093,5551,132,10
BBB,2014J,100093,5551,31,13
BBB,2014J,100093,5551,95,12
BBB,2014J,100093,5551,203,6
BBB,2014J,100093,5551,104,13
BBB,2014J,100093,5551,132,7
BBB,2014J,100093,5551,13,6
AAA,2013J,100851,5552,9,3
AAA,2013J,100851,5552,68,1
AAA,2013J,100851,5552,9,3
AAA,2013J,100851,5552,227,2
AAA,2013J,100851,5552,22,5
AAA,2013J,100851,5552,200,1
CCC,2014J,100745,5553,15,1
CCC,2014J,100745,5553,50,1
CCC,2014J,100745,5553,156,2
CCC,2014J,100745,5553,105,2
CCC,2014J,100745,5553,214,1
CCC,2013J,100347,5554,164,1
AAA,2013J,100640,5555,15,8
AAA,2013J,100640,5555,61,10
AAA,2013J,100640,5555,177,6
AAA,2013J,100640,5555,119,10
AAA,2013J,100640,5555,104,15
AAA,2013J,100640,5555,84,12
AAA,2013J,100640,5555,211,6
AAA,2013J,100640,5555,59,9
AAA,2013J,100640,5555,226,5
AAA,2013J,100640,5555,87,5
AAA,2013J,100640,5555,93,9
AAA,2013J,100640,5555,152,9
AAA,2013J,100640,5555,183,12
AAA,2013J,100640,5555,112,11
AAA,2013J,100640,5555,152,12
AAA,2013J,100640,5555,98,8
AAA,2013J,100640,5555,186,9
AAA,2013J,100640,5555,204,16
AAA,2013J,100640,5555,207,15
AAA,2013J,100640,5555,154,6
AAA,2013J,100640,5555,66,11
BBB,2013J,100601,5556,152,7
BBB,2013J,100601,5556,168,4
BBB,2013J,100601,5556,165,5
BBB,2013J,100601,5556,192,9
BBB,2013J,100601,5556,140,10
BBB,2013J,100601,5556,33,3
BBB,2013J,100601,5556,210,5
BBB,2013J,100601,5556,202,8
BBB,2013J,100601,5556,63,9
BBB,2014J,100028,5557,175,2
BBB,2014J,100028,5557,15,1
BBB,2014J,100028,5557,143,2
BBB,2014J,100028,5557,156,5
BBB,2014J,100028,5557,78,3
BBB,2014J,100020,5558,147,10
BBB,2014J,100020,5558,35,5
BBB,2014J,100020,5558,122,6
BBB,2014J,100020,5558,61,4
BBB,2014J,100020,5558,69,5
BBB,2014J,100020,5558,138,11
BBB,2014J,100020,5558,236,13
BBB,2014J,100020,5558,47,15
BBB,2014J,100020,5558,59,12
BBB,2014J,100020,5558,59,5
BBB,2014J,100020,5558,50,10
BBB,2014J,100020,5558,226,8
BBB,2014J,100020,5558,26,7
BBB,2014J,100020,5558,46,9
BBB,2014J,100020,5558,158,13
BBB,2014J,100020,5558,84,6
BBB,2014J,100020,5558,216,9
BBB,2014J,100020,5558,142,9
BBB,2014J,100281,5559,32,8
BBB,2014J,100281,5559,138,12
BBB,2014J,100281,5559,133,6
BBB,2014J,100281,5559,115,6
BBB,2014J,100281,5559,106,7
BBB,2014J,100281,5559,233,5
BBB,2014J,100281,5559,231,8
BBB,2014J,100281,5559,141,13
BBB,2014J,100281,5559,35,10
BBB,2014J,100281,5559,12,5
AAA,2013J,100289,5560,239,15
AAA,2013J,100289,5560,172,10
AAA,2013J,100289,5560,167,10
AAA,2013J,100289,5560,81,11
AAA,2013J,100289,5560,94,12
AAA,2013J,100289,5560,116,13
AAA,2013J,100289,5560,181,14
AAA,2013J,100289,5560,228,8
AAA,2013J,100289,5560,216,6
AAA,2013J,100289,5560,81,6
AAA,2013J,100289,5560,39,8
AAA,2013J,100289,5560,12,3
AAA,2013J,100289,5560,219,14
AAA,2013J,100289,5560,226,12
AAA,2013J,100289,5560,129,8
AAA,2013J,100289,5560,16,11
AAA,2013J,100289,5560,107,14
BBB,2013J,100063,5561,162,1
BBB,2014J,100784,5562,149,3
BBB,2014J,100784,5562,206,3
BBB,2014J,100784,5562,53,3
BBB,2014J,100784,5562,63,5
BBB,2014J,100784,5562,51,3
BBB,2014J,100784,5562,163,5
BBB,2014J,100784,5562,52,3
BBB,2014J,100784,5562,167,5
CCC,2014J,100272,5563,141,4
CCC,2014J,100272,5563,113,1
CCC,2014J,100272,5563,3,4
CCC,2014J,100272,5563,164,3
CCC,2014J,100272,5563,7,1
CCC,2014J,100272,5563,155,1
CCC,2014J,100272,5563,148,3
CCC,2013J,100377,5564,52,1
CCC,2014J,100314,5565,65,5
CCC,2014J,100314,5565,91,3
CCC,2014J,100314,5565,5,5
CCC,2014J,100314,5565,132,9
CCC,2014J,100314,5565,9,14
CCC,2014J,100314,5565,172,11
CCC,2014J,100314,5565,49,8
CCC,2014J,100314,5565,228,6
CCC,2014J,100314,5565,6,7
CCC,2014J,100314,5565,83,10
CCC,2014J,100314,5565,93,6
CCC,2014J,100314,5565,184,11
AAA,2013J,100534,5566,55,1
AAA,2013J,100534,5566,33,1
AAA,2013J,100534,5566,176,5
AAA,2013J,100534,5566,132,4
CCC,2013J,100146,5567,27,11
CCC,2013J,100146,5567,138,7
CCC,2013J,100146,5567,232,10
CCC,2013J,100146,5567,194,8
CCC,2013J,100146,5567,96,4
CCC,2013J,100146,5567,122,5
CCC,2013J,100146,5567,53,6
CCC,2013J,100146,5567,174,10
CCC,2013J,100146,5567,206,7
CCC,2013J,100146,5567,206,7
CCC,2013J,100146,5567,50,4
CCC,2013J,100146,5567,179,8
CCC,2013J,100146,5567,40,4
CCC,2013J,100146,5567,2,5
CCC,2013J,100146,5567,172,8
BBB,2014J,100458,5568,226,11
BBB,2014J,100458,5568,82,9
BBB,2014J,100458,5568,101,13
BBB,2014J,100458,5568,155,8
BBB,2014J,100458,5568,176,5
BBB,2014J,100458,5568,228,14
BBB,2014J,100458,5568,76,6
BBB,2014J,100458,5568,216,7
BBB,2014J,100458,5568,52,10
BBB,2014J,100458,5568,159,17
BBB,2014J,100458,5568,19,11
BBB,2014J,100458,5568,230,12
BBB,2014J,100458,5568,189,10
BBB,2014J,100458,5568,94,6
BBB,2014J,100458,5568,216,8
BBB,2014J,100458,5568,24,15
BBB,2014J,100458,5568,87,15
BBB,2014J,100458,5568,108,14
BBB,2014J,100458,5568,158,12
BBB,2014J,100458,5568,158,11
BBB,2014J,100458,5568,12,12
BBB,2014J,100458,5568,192,15
BBB,2014J,100458,5568,34,9
BBB,2014J,100458,5568,225,8
BBB,2013J,100008,5569,209,6
BBB,2013J,100008,5569,102,6
BBB,2013J,100008,5569,206,1
BBB,2013J,100008,5569,157,4
CCC,2013J,100172,5570,216,2
CCC,2013J,100172,5570,43,4
CCC,2013J,100172,5570,76,4
CCC,2013J,100172,5570,225,1
CCC,2013J,100172,5570,158,3
CCC,2013J,100172,5570,61,2
CCC,2013J,100172,5570,162,2
CCC,2013J,100172,5570,43,4
CCC,2013J,100172,5570,172,2
CCC,2013J,100172,5570,108,3
CCC,2013J,100172,5570,212,3
CCC,2014J,100192,5571,174,3
CCC,2014J,100192,5571,166,6
CCC,2014J,100192,5571,64,4
CCC,2014J,100192,5571,48,4
CCC,2014J,100192,5571,189,2
CCC,2014J,100192,5571,235,7
CCC,2014J,100192,5571,132,4
AAA,2014J,100677,5572,159,7
AAA,2014J,100677,5572,151,10
AAA,2014J,100677,5572,75,5
AAA,2014J,100677,5572,194,10
AAA,2014J,100677,5572,213,10
AAA,2014J,100677,5572,184,10
AAA,2014J,100677,5572,25,10
AAA,2014J,100677,5572,233,8
AAA,2014J,100677,5572,132,4
AAA,2014J,100677,5572,108,5
AAA,2014J,100677,5572,54,4
AAA,2014J,100677,5572,20,10
AAA,2014J,100677,5572,201,5
AAA,2014J,100677,5572,128,9
AAA,2014J,100677,5572,219,7
CCC,2013J,100774,5573,185,3
CCC,2013J,100774,5573,137,3
CCC,2013J,100774,5573,77,1
BBB,2014J,100659,5574,71,7
BBB,2014J,100659,5574,3,9
BBB,2014J,100659,5574,107,5
BBB,2014J,100659,5574,54,7
BBB,2014J,100659,5574,176,3
BBB,2014J,100659,5574,199,3
BBB,2014J,100659,5574,211,4
BBB,2014J,100659,5574,144,1
BBB,2014J,100659,5574,19,9
BBB,2014J,100659,5574,205,4
BBB,2014J,100659,5574,202,9
BBB,2014J,100659,5574,35,8
BBB,2014J,100659,5574,97,9
BBB,2014J,100659,5574,228,7
BBB,2014J,100659,5574,193,7
BBB,2014J,100659,5574,49,10
BBB,2014J,100659,5574,150,5
BBB,2014J,100659,5574,72,5
AAA,2014J,100366,5575,62,5
AAA,2014J,100366,5575,26,2
AAA,2014J,100366,5575,127,6
AAA,2014J,100366,5575,158,7
AAA,2014J,100366,5575,191,3
AAA,2014J,100366,5575,144,3
AAA,2014J,100366,5575,96,9
AAA,2013J,100503,5576,197,16
AAA,2013J,100503,5576,191,8
AAA,2013J,100503,5576,83,10
AAA,2013J,100503,5576,136,13
AAA,2013J,100503,5576,44,10
AAA,2013J,100503,5576,67,10
AAA,2013J,100503,5576,105,7
AAA,2013J,100503,5576,93,8
AAA,2013J,100503,5576,154,8
AAA,2013J,100503,5576,178,6
AAA,2013J,100503,5576,132,9
CCC,2014J,100565,5577,177,5
CCC,2014J,100565,5577,197,6
CCC,2014J,100565,5577,226,9
CCC,2014J,100565,5577,129,4
CCC,2014J,100565,5577,140,7
CCC,2014J,100565,5577,228,4
CCC,2014J,100565,5577,163,2
CCC,2014J,100565,5577,69,3
CCC,2014J,100565,5577,142,4
CCC,2013J,100304,5578,138,1
AAA,2014J,100294,5579,138,4
AAA,2014J,100294,5579,71,4
AAA,2014J,100294,5579,178,6
AAA,2014J,100294,5579,78,3
AAA,2014J,100294,5579,15,2
AAA,2014J,100294,5579,64,9
AAA,2014J,100294,5579,198,1
AAA,2014J,100294,5579,0,3
AAA,2013J,100893,5580,123,8
AAA,2013J,100893,5580,69,5
AAA,2013J,100893,5580,104,8
AAA,2013J,100893,5580,36,1
AAA,2013J,100893,5580,202,4
AAA,2013J,100893,5580,75,3
AAA,2013J,100893,5580,83,2
AAA,2013J,100893,5580,41,5
AAA,2013J,100893,5580,89,4
AAA,2013J,100893,5580,44,3
AAA,2013J,100893,5580,11,2
AAA,2013J,100893,5580,167,14
BBB,2014J,100889,5581,184,4
BBB,2014J,100889,5581,149,7
BBB,2014J,100889,5581,36,4
BBB,2014J,100889,5581,96,6
BBB,2014J,100889,5581,201,4
BBB,2014J,100889,5581,58,1
BBB,2014J,100889,5581,56,3
CCC,2014J,100051,5582,174,3
CCC,2014J,100051,5582,76,5
CCC,2014J,100051,5582,87,5
CCC,2014J,100051,5582,185,4
CCC,2013J,100270,5583,238,7
CCC,2013J,100270,5583,166,9
CCC,2013J,100270,5583,41,2
CCC,2013J,100270,5583,135,4
CCC,2013J,100270,5583,93,5
CCC,2013J,100270,5583,91,8
CCC,2013J,100270,5583,79,6
CCC,2013J,100270,5583,117,8
CCC,2013J,100270,5583,97,11
CCC,2013J,100270,5583,62,5
CCC,2013J,100270,5583,53,7
CCC,2013J,100270,5583,116,10
CCC,2014J,100026,5584,237,3
CCC,2014J,100026,5584,129,9
CCC,2014J,100026,5584,147,8
CCC,2014J,100026,5584,140,5
CCC,2014J,100026,5584,36,8
CCC,2014J,100026,5584,85,4
CCC,2014J,100026,5584,74,5
CCC,2014J,100026,5584,88,4
CCC,2014J,100026,5584,50,1
AAA,2013J,100781,5585,233,11
AAA,2013J,100781,5585,180,5
AAA,2013J,100781,5585,87,7
AAA,2013J,100781,5585,56,1
AAA,2013J,100781,5585,85,8
AAA,2013J,100781,5585,59,7
AAA,2013J,100781,5585,134,11
AAA,2013J,100781,5585,163,6
AAA,2013J,100781,5585,62,3
AAA,2013J,100781,5585,146,8
AAA,2013J,100781,5585,88,10
AAA,2013J,100781,5585,119,1
AAA,2013J,100781,5585,57,8
BBB,2013J,100157,5586,131,1
BBB,2013J,100157,5586,213,2
BBB,2013J,100157,5586,27,7
BBB,2013J,100157,5586,172,2
BBB,2013J,100157,5586,105,2
BBB,2013J,100157,5586,81,7
BBB,2013J,100157,5586,43,3
AAA,2013J,100421,5587,132,4
AAA,2013J,100421,5587,69,9
AAA,2013J,100421,5587,42,4
AAA,2013J,100421,5587,20,3
AAA,2013J,100421,5587,3,8
AAA,2013J,100421,5587,117,4
AAA,2013J,100421,5587,83,1
AAA,2013J,100421,5587,141,6
AAA,2013J,100421,5587,122,10
AAA,2013J,100421,5587,160,7
AAA,2013J,100421,5587,46,6
AAA,2013J,100421,5587,39,3
AAA,2013J,100421,5587,30,5
BBB,2014J,100750,5588,169,2
BBB,2014J,100750,5588,2,2
BBB,2014J,100750,5588,72,5
BBB,2014J,100750,5588,34,2
BBB,2014J,100750,5588,192,4
CCC,2013J,100412,5589,56,1
BBB,2014J,100321,5590,136,1
BBB,2014J,100321,5590,82,6
BBB,2014J,100321,5590,91,3
BBB,2014J,100321,5590,68,3
BBB,2014J,100321,5590,42,7
BBB,2014J,100321,5590,139,4
BBB,2014J,100321,5590,107,2
BBB,2014J,100321,5590,194,2
CCC,2013J,100126,5591,130,8
CCC,2013J,100126,5591,169,9
CCC,2013J,100126,5591,9,9
CCC,2013J,100126,5591,148,13
CCC,2013J,100126,5591,23,4
CCC,2013J,100126,5591,182,2
CCC,2013J,100126,5591,171,4
CCC,2013J,100126,5591,12,4
CCC,2013J,100126,5591,129,7
CCC,2013J,100126,5591,113,7
CCC,2013J,100126,5591,229,7
CCC,2013J,100126,5591,9,8
CCC,2013J,100126,5591,163,6
CCC,2013J,100126,5591,130,9
CCC,2013J,100126,5591,231,4
CCC,2013J,100126,5591,176,6
AAA,2013J,100454,5592,68,3
AAA,2013J,100454,5592,33,4
AAA,2013J,100454,5592,186,1
AAA,2013J,100454,5592,237,3
AAA,2013J,100454,5592,76,6
AAA,2013J,100454,5592,64,4
BBB,2013J,100269,5593,220,2
BBB,2013J,100269,5593,237,1
BBB,2014J,100703,5594,21,1
BBB,2014J,100703,5594,106,3
CCC,2013J,100537,5595,156,9
CCC,2013J,100537,5595,102,3
CCC,2013J,100537,5595,153,5
CCC,2013J,100537,5595,150,5
CCC,2013J,100537,5595,5,5
CCC,2013J,100537,5595,222,3
CCC,2013J,100657,5596,105,3
CCC,2013J,100657,5596,13,2
BBB,2014J,100761,5597,55,1
BBB,2014J,100761,5597,183,8
BBB,2014J,100761,5597,46,2
BBB,2014J,100761,5597,239,7
BBB,2014J,100761,5597,141,4
BBB,2014J,100761,5597,131,8
BBB,2014J,100761,5597,169,4
BBB,2014J,100761,5597,53,5
BBB,2014J,100761,5597,161,8
BBB,2014J,100761,5597,42,4
BBB,2014J,100761,5597,62,11
BBB,2014J,100761,5597,137,5
BBB,2014J,100761,5597,92,7
AAA,2013J,100119,5598,211,3
AAA,2013J,100119,5598,18,1
AAA,2013J,100119,5598,192,4
AAA,2013J,100119,5598,137,6
AAA,2013J,100119,5598,235,5
AAA,2013J,100119,5598,203,5
AAA,2013J,100119,5598,214,6
AAA,2013J,100119,5598,14,4
AAA,2013J,100119,5598,108,7
AAA,2013J,100119,5598,217,7
AAA,2013J,100119,5598,65,5
AAA,2013J,100119,5598,61,7
AAA,2013J,100119,5598,160,5
AAA,2013J,100119,5598,78,4
BBB,2013J,100894,5599,194,3
BBB,2013J,100894,5599,1,11
BBB,2013J,100894,5599,219,10
BBB,2013J,100894,5599,73,5
BBB,2013J,100894,5599,42,4
BBB,2013J,100894,5599,61,2
BBB,2013J,100894,5599,15,8
BBB,2013J,100894,5599,32,13
BBB,2013J,100894,5599,70,9
BBB,2013J,100894,5599,21,7
BBB,2013J,100894,5599,41,12
BBB,2013J,100894,5599,59,9
AAA,2013J,100313,5600,202,9
AAA,2013J,100313,5600,148,6
AAA,2013J,100313,5600,189,13
AAA,2013J,100313,5600,27,11
AAA,2013J,100313,5600,225,8
AAA,2013J,100313,5600,84,10
AAA,2013J,100313,5600,97,13
AAA,2013J,100313,5600,128,6
AAA,2013J,100313,5600,7,8
AAA,2013J,100313,5600,165,12
AAA,2013J,100313,5600,63,5
AAA,2013J,100313,5600,120,9
AAA,2013J,100313,5600,125,8
AAA,2013J,100313,5600,175,15
AAA,2013J,100313,5600,192,10
AAA,2013J,100313,5600,41,12
AAA,2013J,100313,5600,193,6
AAA,2013J,100313,5600,154,5
AAA,2013J,100313,5600,219,7
BBB,2013J,100703,5601,92,2
BBB,2013J,100703,5601,49,3
BBB,2013J,100703,5601,77,4
BBB,2013J,100703,5601,232,7
BBB,2013J,100703,5601,122,11
BBB,2013J,100703,5601,131,4
BBB,2013J,100703,5601,170,10
BBB,2013J,100703,5601,61,10
BBB,2013J,100703,5601,100,5
BBB,2013J,100703,5601,100,5
BBB,2014J,100565,5602,89,2
BBB,2014J,100565,5602,144,2
BBB,2014J,100565,5602,125,1
BBB,2014J,100565,5602,140,2
BBB,2014J,100565,5602,165,1
BBB,2014J,100565,5602,54,1
AAA,2014J,100744,5603,141,3
AAA,2014J,100744,5603,149,5
AAA,2014J,100744,5603,91,3
AAA,2014J,100744,5603,98,6
AAA,2014J,100744,5603,109,2
AAA,2014J,100170,5604,25,3
AAA,2014J,100170,5604,194,3
AAA,2014J,100170,5604,30,4
AAA,2014J,100170,5604,40,1
AAA,2014J,100170,5604,163,1
AAA,2014J,100170,5604,112,2
AAA,2013J,100512,5605,207,2
AAA,2013J,100512,5605,100,1
CCC,2013J,100233,5606,143,1
CCC,2013J,100233,5606,113,1
CCC,2013J,100233,5606,162,5
CCC,2013J,100233,5606,231,3
CCC,2013J,100233,5606,236,1
CCC,2013J,100233,5606,111,3
CCC,2013J,100495,5607,63,4
CCC,2013J,100495,5607,169,4
CCC,2013J,100495,5607,30,3
CCC,2013J,100495,5607,151,2
CCC,2013J,100495,5607,152,1
CCC,2014J,100433,5608,133,1
CCC,2014J,100433,5608,120,1
CCC,2014J,100433,5608,212,2
CCC,2014J,100433,5608,56,5
AAA,2013J,100457,5609,204,2
AAA,2013J,100457,5609,116,1
AAA,2013J,100457,5609,232,2
AAA,2013J,100457,5609,207,1
AAA,2013J,100457,5609,220,6
AAA,2013J,100457,5609,55,2
AAA,2013J,100457,5609,1,6
AAA,2013J,100457,5609,161,3
BBB,2014J,100423,5610,96,7
BBB,2014J,100423,5610,176,4
BBB,2014J,100423,5610,150,10
BBB,2014J,100423,5610,180,7
BBB,2014J,100423,5610,19,5
BBB,2014J,100423,5610,111,6
BBB,2014J,100423,5610,160,9
BBB,2014J,100423,5610,124,5
BBB,2014J,100423,5610,182,10
BBB,2014J,100423,5610,75,4
BBB,2014J,100423,5610,227,7
BBB,2014J,100423,5610,29,6
BBB,2014J,100423,5610,191,10
BBB,2014J,100423,5610,174,4
BBB,2014J,100423,5610,19,6
BBB,2014J,100423,5610,58,5
BBB,2014J,100423,5610,226,8
BBB,2014J,100423,5610,163,5
BBB,2014J,100423,5610,190,7
BBB,2014J,100423,5610,202,1
CCC,2013J,100178,5611,0,4
CCC,2013J,100178,5611,94,6
CCC,2013J,100178,5611,35,2
CCC,2013J,100178,5611,41,3
CCC,2013J,100178,5611,64,5
CCC,2013J,100178,5611,1,2
CCC,2013J,100178,5611,168,4
CCC,2013J,100178,5611,178,8
BBB,2014J,100132,5612,154,10
BBB,2014J,100132,5612,38,7
BBB,2014J,100132,5612,57,11
BBB,2014J,100132,5612,191,15
BBB,2014J,100132,5612,142,14
BBB,2014J,100132,5612,190,11
BBB,2014J,100132,5612,215,12
BBB,2014J,100132,5612,224,22
BBB,2014J,100132,5612,233,12
BBB,2014J,100132,5612,161,7
BBB,2014J,100132,5612,128,11
BBB,2014J,100132,5612,154,17
BBB,2014J,100132,5612,176,5
BBB,2014J,100132,5612,209,12
BBB,2014J,100132,5612,144,14
BBB,2014J,100132,5612,139,12
BBB,2014J,100132,5612,100,16
BBB,2014J,100132,5612,195,20
BBB,2014J,100132,5612,85,14
BBB,2014J,100132,5612,82,10
AAA,2013J,100223,5613,147,4
AAA,2013J,100223,5613,208,6
AAA,2013J,100223,5613,22,1
AAA,2013J,100223,5613,155,3
AAA,2013J,100223,5613,75,6
AAA,2013J,100223,5613,179,6
AAA,2013J,100223,5613,113,1
AAA,2013J,100223,5613,72,6
AAA,2013J,100223,5613,170,7
AAA,2013J,100223,5613,235,1
AAA,2013J,100223,5613,187,6
AAA,2013J,100223,5613,54,2
AAA,2014J,100009,5614,212,7
AAA,2014J,100009,5614,208,4
AAA,2014J,100009,5614,192,3
AAA,2014J,100009,5614,194,3
AAA,2014J,100009,5614,100,3
AAA,2014J,100009,5614,155,2
AAA,2014J,100009,5614,23,2
AAA,2014J,100009,5614,6,2
AAA,2014J,100009,5614,14,6
AAA,2014J,100009,5614,102,3
AAA,2014J,100080,5615,237,2
AAA,2014J,100080,5615,179,5
AAA,2014J,100080,5615,230,4
AAA,2014J,100080,5615,83,2
AAA,2014J,100080,5615,173,3
AAA,2014J,100080,5615,183,5
AAA,2014J,100080,5615,166,7
AAA,2014J,100080,5615,79,2
AAA,2014J,100080,5615,211,4
CCC,2014J,100507,5616,189,5
CCC,2014J,100507,5616,129,5
CCC,2014J,100507,5616,199,7
CCC,2014J,100507,5616,119,9
CCC,2014J,100507,5616,101,9
CCC,2014J,100507,5616,164,9
CCC,2014J,100507,5616,183,7
CCC,2014J,100507,5616,181,5
CCC,2014J,100507,5616,115,3
CCC,2014J,100507,5616,135,9
CCC,2014J,100507,5616,238,4
AAA,2013J,100197,5617,210,6
AAA,2013J,100197,5617,143,4
AAA,2013J,100197,5617,78,5
AAA,2013J,100197,5617,13,5
AAA,2013J,100197,5617,100,9
AAA,2013J,100197,5617,177,4
AAA,2013J,100197,5617,137,4
AAA,2013J,100197,5617,224,3
AAA,2013J,100197,5617,2,8
AAA,2013J,100197,5617,14,8
AAA,2013J,100197,5617,36,3
CCC,2013J,100088,5618,122,11
CCC,2013J,100088,5618,99,8
CCC,2013J,100088,5618,127,14
CCC,2013J,100088,5618,221,13
CCC,2013J,100088,5618,104,11
CCC,2013J,100088,5618,213,9
CCC,2013J,100088,5618,7,11
CCC,2013J,100088,5618,176,11
CCC,2013J,100088,5618,179,10
CCC,2013J,100088,5618,172,7
CCC,2013J,100088,5618,88,7
CCC,2013J,100088,5618,16,8
CCC,2013J,100088,5618,13,11
CCC,2013J,100088,5618,77,9
CCC,2013J,100088,5618,29,12
CCC,2013J,100088,5618,48,8
CCC,2013J,100088,5618,4,5
CCC,2013J,100088,5618,93,8
CCC,2013J,100088,5618,218,16
CCC,2013J,100088,5618,26,7
CCC,2013J,100088,5618,87,8
CCC,2013J,100088,5618,76,10
CCC,2013J,100038,5619,167,3
CCC,2013J,100038,5619,196,5
CCC,2013J,100038,5619,100,3
CCC,2013J,100038,5619,130,5
CCC,2013J,100038,5619,147,6
CCC,2013J,100038,5619,96,2
CCC,2013J,100038,5619,115,2
CCC,2013J,100038,5619,162,6
CCC,2013J,100038,5619,178,4
CCC,2013J,100038,5619,102,8
CCC,2013J,100038,5619,212,7
CCC,2013J,100038,5619,203,5
CCC,2014J,100711,5620,51,6
CCC,2014J,100711,5620,214,8
CCC,2014J,100711,5620,76,11
CCC,2014J,100711,5620,8,10
CCC,2014J,100711,5620,4,7
CCC,2014J,100711,5620,220,9
AAA,2014J,100849,5621,194,8
AAA,2014J,100849,5621,103,4
AAA,2014J,100849,5621,209,4
AAA,2014J,100849,5621,52,11
AAA,2014J,100849,5621,47,7
AAA,2014J,100849,5621,52,9
AAA,2014J,100849,5621,156,8
AAA,2014J,100849,5621,131,7
AAA,2014J,100849,5621,157,5
AAA,2014J,100849,5621,57,9
AAA,2014J,100849,5621,86,5
AAA,2014J,100849,5621,159,8
AAA,2014J,100849,5621,120,4
AAA,2014J,100849,5621,90,6
AAA,2014J,100849,5621,77,9
AAA,2014J,100849,5621,90,5
AAA,2014J,100849,5621,66,10
AAA,2014J,100361,5622,168,1
AAA,2014J,100361,5622,157,1
AAA,2014J,100361,5622,51,1
AAA,2014J,100361,5622,134,1
AAA,2013J,100517,5623,238,6
AAA,2013J,100517,5623,9,3
AAA,2013J,100517,5623,2,3
AAA,2013J,100517,5623,145,6
AAA,2013J,100517,5623,94,4
AAA,2013J,100517,5623,10,2
AAA,2013J,100517,5623,12,2
AAA,2013J,100517,5623,207,3
AAA,2013J,100527,5624,110,6
AAA,2013J,100527,5624,27,6
AAA,2013J,100527,5624,116,5
AAA,2013J,100527,5624,233,4
AAA,2013J,100527,5624,154,9
AAA,2013J,100527,5624,29,5
AAA,2013J,100527,5624,222,3
AAA,2013J,100527,5624,143,8
AAA,2013J,100527,5624,59,7
AAA,2013J,100527,5624,62,5
AAA,2013J,100527,5624,206,7
AAA,2013J,100527,5624,141,9
AAA,2013J,100527,5624,95,7
AAA,2014J,100450,5625,233,1
AAA,2014J,100450,5625,202,3
AAA,2014J,100450,5625,71,3
AAA,2014J,100450,5625,190,2
AAA,2014J,100450,5625,136,2
AAA,2014J,100450,5625,217,1
AAA,2014J,100450,5625,89,2
AAA,2014J,100450,5625,191,1
AAA,2014J,100450,5625,62,6
BBB,2013J,100122,5626,221,1
AAA,2013J,100381,5627,83,5
AAA,2013J,100381,5627,169,4
AAA,2013J,100381,5627,167,7
AAA,2013J,100381,5627,140,4
AAA,2013J,100381,5627,124,2
AAA,2013J,100381,5627,27,8
AAA,2013J,100381,5627,135,2
AAA,2013J,100381,5627,53,6
AAA,2014J,100501,5628,18,3
AAA,2014J,100501,5628,186,1
CCC,2014J,100882,5629,112,1
CCC,2014J,100882,5629,146,2
CCC,2014J,100882,5629,36,2
AAA,2014J,100224,5630,109,1
AAA,2013J,100071,5631,19,1
AAA,2013J,100071,5631,200,1
AAA,2013J,100071,5631,166,2
AAA,2013J,100071,5631,59,3
AAA,2014J,100027,5632,24,3
AAA,2014J,100027,5632,163,1
AAA,2014J,100027,5632,15,3
AAA,2014J,100027,5632,24,2
AAA,2014J,100027,5632,147,4
AAA,2014J,100027,5632,158,3
AAA,2014J,100027,5632,157,5
AAA,2014J,100027,5632,207,1
AAA,2014J,100027,5632,189,4
AAA,2014J,100027,5632,88,3
AAA,2014J,100027,5632,154,3
AAA,2014J,100027,5632,52,5
AAA,2014J,100027,5632,197,3
AAA,2014J,100027,5632,204,2
CCC,2014J,100097,5633,97,9
CCC,2014J,100097,5633,7,8
CCC,2014J,100097,5633,23,10
CCC,2014J,100097,5633,225,7
CCC,2014J,100097,5633,168,3
CCC,2014J,100097,5633,214,3
CCC,2014J,100097,5633,202,10
CCC,2014J,100097,5633,156,7
CCC,2014J,100097,5633,155,7
CCC,2014J,100097,5633,78,7
BBB,2014J,100826,5634,234,6
BBB,2014J,100826,5634,106,5
BBB,2014J,100826,5634,132,4
BBB,2014J,100826,5634,52,5
BBB,2014J,100826,5634,165,9
BBB,2014J,100826,5634,154,7
BBB,2014J,100826,5634,16,11
BBB,2014J,100826,5634,97,9
BBB,2014J,100826,5634,223,7
BBB,2014J,100826,5634,123,6
BBB,2014J,100826,5634,104,5
BBB,2014J,100826,5634,29,6
BBB,2014J,100826,5634,190,7
AAA,2014J,100397,5635,217,2
AAA,2014J,100397,5635,5,2
AAA,2014J,100397,5635,21,1
CCC,2014J,100351,5636,217,4
CCC,2014J,100351,5636,124,15
CCC,2014J,100351,5636,145,6
CCC,2014J,100351,5636,168,15
CCC,2014J,100351,5636,42,7
CCC,2014J,100351,5636,118,11
CCC,2014J,100351,5636,208,8
CCC,2014J,100351,5636,128,8
CCC,2014J,100351,5636,60,14
CCC,2014J,100351,5636,136,11
CCC,2014J,100351,5636,159,10
CCC,2014J,100351,5636,222,11
CCC,2014J,100351,5636,183,13
CCC,2014J,100351,5636,24,10
CCC,2014J,100351,5636,140,8
CCC,2014J,100351,5636,159,12
AAA,2013J,100338,5637,220,1
AAA,2013J,100338,5637,37,1
BBB,2014J,100183,5638,21,7
BBB,2014J,100183,5638,84,8
BBB,2014J,100183,5638,55,6
BBB,2014J,100183,5638,181,9
BBB,2014J,100183,5638,181,7
BBB,2014J,100183,5638,189,9
BBB,2014J,100183,5638,171,3
BBB,2014J,100183,5638,109,13
BBB,2014J,100183,5638,44,12
BBB,2014J,100183,5638,44,8
BBB,2014J,100183,5638,149,13
BBB,2014J,100183,5638,233,7
BBB,2014J,100183,5638,176,8
BBB,2014J,100183,5638,197,13
BBB,2014J,100791,5639,118,1
BBB,2014J,100791,5639,39,2
BBB,2014J,100791,5639,37,2
CCC,2014J,100833,5640,5,9
CCC,2014J,100833,5640,148,6
CCC,2014J,100833,5640,239,11
CCC,2014J,100833,5640,198,9
CCC,2014J,100833,5640,172,5
CCC,2014J,100833,5640,72,9
CCC,2014J,100833,5640,72,10
CCC,2014J,100833,5640,144,16
CCC,2014J,100833,5640,233,13
CCC,2014J,100833,5640,83,7
CCC,2014J,100833,5640,152,9
CCC,2014J,100833,5640,233,12
CCC,2014J,100833,5640,184,9
CCC,2014J,100833,5640,230,10
CCC,2014J,100833,5640,82,9
CCC,2014J,100833,5640,162,11
CCC,2014J,100833,5640,52,10
AAA,2014J,100406,5641,95,3
AAA,2014J,100406,5641,108,8
AAA,2014J,100406,5641,8,8
AAA,2014J,100406,5641,191,8
AAA,2014J,100406,5641,237,2
AAA,2014J,100406,5641,54,8
AAA,2014J,100406,5641,209,9
AAA,2014J,100406,5641,220,2
AAA,2014J,100406,5641,99,4
AAA,2014J,100406,5641,169,4
AAA,2014J,100406,5641,106,10
AAA,2014J,100406,5641,61,5
BBB,2014J,100341,5642,63,1
BBB,2014J,100341,5642,12,1
BBB,2014J,100341,5642,1,1
BBB,2013J,100673,5643,173,1
BBB,2013J,100673,5643,227,4
BBB,2013J,100673,5643,68,3
BBB,2013J,100673,5643,13,3
BBB,2013J,100673,5643,93,4
BBB,2013J,100673,5643,101,4
BBB,2013J,100673,5643,149,3
BBB,2013J,100673,5643,33,2
BBB,2013J,100673,5643,53,2
BBB,2013J,100673,5643,219,2
BBB,2013J,100673,5643,113,2
BBB,2013J,100781,5644,189,5
BBB,2013J,100781,5644,154,7
BBB,2013J,100781,5644,47,2
BBB,2013J,100781,5644,108,2
BBB,2013J,100781,5644,30,5
BBB,2013J,100781,5644,39,8
BBB,2013J,100781,5644,213,9
BBB,2013J,100781,5644,71,6
BBB,2013J,100781,5644,83,5
BBB,2013J,100781,5644,26,5
BBB,2013J,100781,5644,85,10
BBB,2013J,100781,5644,23,4
BBB,2013J,100781,5644,190,4
BBB,2013J,100781,5644,86,8
BBB,2013J,100781,5644,234,4
BBB,2013J,100781,5644,181,10
CCC,2013J,100890,5645,183,8
CCC,2013J,100890,5645,20,3
CCC,2013J,100890,5645,87,14
CCC,2013J,100890,5645,202,3
CCC,2013J,100890,5645,66,4
CCC,2013J,100890,5645,206,10
CCC,2013J,100890,5645,7,7
CCC,2013J,100890,5645,70,5
CCC,2013J,100890,5645,210,12
CCC,2013J,100890,5645,2,5
CCC,2013J,100890,5645,128,4
CCC,2013J,100890,5645,2,7
CCC,2013J,100890,5645,40,7
CCC,2014J,100786,5646,234,5
CCC,2014J,100786,5646,31,3
CCC,2014J,100786,5646,106,5
CCC,2014J,100786,5646,152,3
CCC,2014J,100786,5646,163,2
CCC,2014J,100786,5646,182,6
CCC,2014J,100786,5646,39,4
BBB,2014J,100405,5647,14,3
BBB,2014J,100405,5647,43,2
BBB,2014J,100405,5647,234,5
BBB,2014J,100405,5647,207,3
BBB,2014J,100405,5647,113,5
BBB,2014J,100405,5647,57,4
BBB,2014J,100405,5647,25,3
BBB,2014J,100405,5647,58,6
BBB,2014J,100405,5647,57,4
BBB,2014J,100405,5647,203,6
BBB,2014J,100405,5647,173,7
BBB,2014J,100405,5647,11,4
BBB,2013J,100751,5648,30,4
BBB,2013J,100751,5648,102,7
BBB,2013J,100751,5648,149,7
BBB,2013J,100751,5648,102,5
BBB,2013J,100751,5648,40,3
BBB,2013J,100751,5648,51,4
BBB,2013J,100751,5648,128,6
BBB,2013J,100751,5648,95,7
BBB,2013J,100751,5648,169,5
BBB,2013J,100751,5648,159,10
BBB,2013J,100751,5648,60,7
BBB,2013J,100751,5648,150,8
BBB,2013J,100751,5648,138,9
BBB,2013J,100751,5648,31,10
BBB,2013J,100751,5648,199,5
CCC,2013J,100661,5649,175,2
CCC,2013J,100661,5649,87,1
CCC,2013J,100661,5649,187,3
CCC,2013J,100661,5649,36,1
CCC,2013J,100661,5649,202,6
CCC,2013J,100661,5649,146,8
BBB,2014J,100090,5650,173,1
BBB,2014J,100506,5651,210,7
BBB,2014J,100506,5651,164,2
BBB,2014J,100506,5651,225,7
BBB,2014J,100506,5651,67,2
BBB,2014J,100506,5651,80,6
BBB,2014J,100506,5651,51,5
BBB,2014J,100506,5651,84,5
BBB,2014J,100506,5651,183,5
BBB,2014J,100506,5651,203,4
BBB,2014J,100506,5651,39,1
BBB,2014J,100506,5651,10,4
BBB,2014J,100506,5651,146,1
BBB,2014J,100506,5651,35,10
AAA,2013J,100450,5652,196,5
AAA,2013J,100450,5652,133,8
AAA,2013J,100450,5652,185,5
AAA,2013J,100450,5652,237,3
AAA,2013J,100450,5652,203,11
AAA,2013J,100450,5652,18,12
AAA,2013J,100450,5652,5,7
AAA,2013J,100450,5652,43,7
AAA,2013J,100450,5652,92,2
AAA,2013J,100450,5652,10,7
AAA,2013J,100450,5652,217,8
AAA,2013J,100450,5652,157,12
AAA,2013J,100450,5652,30,7
AAA,2013J,100450,5652,206,7
AAA,2013J,100450,5652,178,10
AAA,2013J,100450,5652,73,2
AAA,2013J,100450,5652,77,5
AAA,2013J,100450,5652,167,7
AAA,2013J,100850,5653,122,8
AAA,2013J,100850,5653,17,5
AAA,2013J,100850,5653,232,8
AAA,2013J,100850,5653,139,14
AAA,2013J,100850,5653,10,8
AAA,2013J,100850,5653,33,7
AAA,2013J,100850,5653,3,10
AAA,2013J,100850,5653,60,12
AAA,2013J,100850,5653,219,14
AAA,2013J,100850,5653,174,11
AAA,2013J,100850,5653,210,8
AAA,2013J,100850,5653,114,9
AAA,2013J,100850,5653,69,12
AAA,2013J,100850,5653,91,4
AAA,2013J,100850,5653,77,8
AAA,2013J,100850,5653,208,6
AAA,2013J,100850,5653,142,6
BBB,2013J,100818,5654,208,7
BBB,2013J,100818,5654,49,8
BBB,2013J,100818,5654,34,5
BBB,2013J,100818,5654,147,14
BBB,2013J,100818,5654,171,9
BBB,2013J,100818,5654,229,6
CCC,2014J,100841,5655,192,7
CCC,2014J,100841,5655,158,14
CCC,2014J,100841,5655,216,2
CCC,2014J,100841,5655,144,6
CCC,2014J,100841,5655,147,11
CCC,2014J,100841,5655,183,7
CCC,2014J,100841,5655,102,5
CCC,2014J,100841,5655,209,6
AAA,2013J,100023,5656,61,1
AAA,2013J,100023,5656,166,3
AAA,2013J,100023,5656,63,3
AAA,2013J,100023,5656,228,1
AAA,2013J,100023,5656,18,4
BBB,2014J,100301,5657,82,1
BBB,2014J,100301,5657,138,2
BBB,2014J,100301,5657,186,2
BBB,2014J,100301,5657,150,3
BBB,2014J,100301,5657,93,3
BBB,2014J,100301,5657,230,3
BBB,2014J,100301,5657,35,1
BBB,2014J,100301,5657,0,7
BBB,2014J,100301,5657,83,1
BBB,2014J,100301,5657,129,6
BBB,2014J,100301,5657,193,4
BBB,2014J,100301,5657,141,5
AAA,2013J,100895,5658,121,4
AAA,2013J,100895,5658,185,4
AAA,2013J,100895,5658,120,3
AAA,2013J,100895,5658,214,7
AAA,2013J,100895,5658,144,3
AAA,2013J,100895,5658,189,5
AAA,2013J,100895,5658,192,1
AAA,2013J,100895,5658,18,8
CCC,2013J,100345,5659,123,5
CCC,2013J,100345,5659,234,6
CCC,2013J,100345,5659,118,6
CCC,2013J,100345,5659,145,8
CCC,2013J,100345,5659,51,7
CCC,2013J,100345,5659,80,4
CCC,2013J,100345,5659,32,5
CCC,2013J,100345,5659,127,5
CCC,2013J,100345,5659,88,4
CCC,2013J,100345,5659,170,3
CCC,2013J,100345,5659,220,11
CCC,2013J,100345,5659,201,7
CCC,2013J,100345,5659,134,6
CCC,2013J,100345,5659,189,8
CCC,2013J,100345,5659,98,9
CCC,2013J,100345,5659,150,10
CCC,2013J,100345,5659,33,7
CCC,2013J,100222,5660,33,4
CCC,2013J,100222,5660,100,11
CCC,2013J,100222,5660,168,4
CCC,2013J,100222,5660,168,6
CCC,2013J,100222,5660,186,5
CCC,2013J,100222,5660,227,3
CCC,2013J,100222,5660,152,9
CCC,2013J,100222,5660,85,4
CCC,2013J,100222,5660,66,11
CCC,2013J,100222,5660,138,4
CCC,2013J,100222,5660,106,3
CCC,2013J,100222,5660,25,4
AAA,2014J,100735,5661,233,7
AAA,2014J,100735,5661,91,7
AAA,2014J,100735,5661,215,4
AAA,2014J,100735,5661,125,2
AAA,2014J,100735,5661,112,3
AAA,2014J,100735,5661,44,4
AAA,2014J,100735,5661,191,8
AAA,2014J,100735,5661,225,5
AAA,2014J,100735,5661,227,5
AAA,2014J,100735,5661,60,6
AAA,2014J,100735,5661,156,7
CCC,2014J,100104,5662,185,5
CCC,2014J,100104,5662,7,8
CCC,2014J,100104,5662,9,4
CCC,2014J,100104,5662,66,6
CCC,2014J,100104,5662,101,4
CCC,2014J,100104,5662,73,4
CCC,2014J,100104,5662,79,11
CCC,2014J,100104,5662,21,7
CCC,2014J,100104,5662,104,6
CCC,2014J,100104,5662,22,9
CCC,2014J,100104,5662,160,7
CCC,2014J,100104,5662,189,2
CCC,2014J,100104,5662,135,10
CCC,2014J,100104,5662,77,6
CCC,2014J,100104,5662,152,10
CCC,2014J,100588,5663,55,3
CCC,2014J,100588,5663,27,2
CCC,2014J,100588,5663,70,2
CCC,2014J,100588,5663,33,2
CCC,2014J,100588,5663,149,2
CCC,2014J,100588,5663,62,3
CCC,2014J,100588,5663,56,2
CCC,2014J,100588,5663,214,9
CCC,2014J,100588,5663,104,7
CCC,2014J,100588,5663,174,1
CCC,2014J,100588,5663,14,4
BBB,2013J,100039,5664,151,10
BBB,2013J,100039,5664,132,2
BBB,2013J,100039,5664,239,4
BBB,2013J,100039,5664,233,6
BBB,2013J,100039,5664,57,5
BBB,2013J,100039,5664,202,4
BBB,2013J,100039,5664,177,3
BBB,2013J,100039,5664,218,5
CCC,2013J,100541,5665,221,1
CCC,2013J,100541,5665,39,1
CCC,2013J,100472,5666,168,8
CCC,2013J,100472,5666,124,6
CCC,2013J,100472,5666,42,5
CCC,2013J,100472,5666,229,7
CCC,2013J,100472,5666,141,9
CCC,2013J,100472,5666,187,4
CCC,2013J,100472,5666,88,3
CCC,2013J,100472,5666,182,8
CCC,2013J,100472,5666,214,6
CCC,2013J,100472,5666,101,6
AAA,2013J,100542,5667,155,10
AAA,2013J,100542,5667,15,10
AAA,2013J,100542,5667,133,8
AAA,2013J,100542,5667,6,11
AAA,2013J,100542,5667,138,9
AAA,2013J,100542,5667,183,6
AAA,2013J,100542,5667,58,7
AAA,2013J,100542,5667,68,5
AAA,2013J,100542,5667,226,9
AAA,2013J,100542,5667,109,7
AAA,2013J,100542,5667,72,11
CCC,2013J,100085,5668,216,5
CCC,2013J,100085,5668,167,1
CCC,2013J,100085,5668,94,1
CCC,2013J,100085,5668,143,3
CCC,2013J,100085,5668,182,1
CCC,2013J,100085,5668,85,3
CCC,2014J,100884,5669,61,3
CCC,2014J,100884,5669,164,3
CCC,2014J,100884,5669,221,3
CCC,2014J,100884,5669,239,3
CCC,2014J,100884,5669,216,4
CCC,2014J,100884,5669,27,5
CCC,2014J,100884,5669,173,4
CCC,2014J,100884,5669,195,6
CCC,2014J,100884,5669,52,3
CCC,2014J,100884,5669,119,3
CCC,2014J,100884,5669,12,7
AAA,2013J,100471,5670,160,1
AAA,2013J,100471,5670,156,4
AAA,2013J,100471,5670,129,1
AAA,2013J,100471,5670,56,1
AAA,2013J,100471,5670,106,1
AAA,2013J,100471,5670,107,1
AAA,2013J,100471,5670,79,2
AAA,2013J,100471,5670,75,1
AAA,2013J,100471,5670,29,2
AAA,2014J,100305,5671,115,4
AAA,2014J,100305,5671,150,1
AAA,2014J,100305,5671,205,4
CCC,2014J,100035,5672,197,1
AAA,2014J,100379,5673,61,4
AAA,2014J,100379,5673,24,10
AAA,2014J,100379,5673,71,6
AAA,2014J,100379,5673,233,7
AAA,2014J,100379,5673,238,8
AAA,2014J,100379,5673,71,6
AAA,2014J,100379,5673,125,8
AAA,2014J,100379,5673,10,12
AAA,2014J,100379,5673,42,8
AAA,2014J,100379,5673,97,12
AAA,2014J,100379,5673,105,6
AAA,2014J,100379,5673,167,12
AAA,2014J,100379,5673,82,5
AAA,2014J,100379,5673,92,9
AAA,2014J,100379,5673,183,16
AAA,2014J,100379,5673,216,6
AAA,2014J,100379,5673,158,8
AAA,2014J,100379,5673,51,8
AAA,2014J,100379,5673,106,6
BBB,2013J,100420,5674,138,6
BBB,2013J,100420,5674,223,7
BBB,2013J,100420,5674,144,5
BBB,2013J,100420,5674,220,11
BBB,2013J,100420,5674,223,7
BBB,2013J,100420,5674,2,8
BBB,2013J,100420,5674,12,8
BBB,2013J,100420,5674,190,8
BBB,2013J,100420,5674,28,6
BBB,2013J,100420,5674,198,3
BBB,2013J,100420,5674,209,8
BBB,2013J,100420,5674,116,5
BBB,2013J,100420,5674,66,3
BBB,2013J,100420,5674,237,10
BBB,2013J,100420,5674,101,3
BBB,2013J,100420,5674,57,6
BBB,2013J,100420,5674,139,7
BBB,2013J,100420,5674,80,6
CCC,2013J,100324,5675,171,3
CCC,2013J,100324,5675,130,2
CCC,2013J,100324,5675,192,7
AAA,2014J,100409,5676,13,12
AAA,2014J,100409,5676,18,14
AAA,2014J,100409,5676,174,14
AAA,2014J,100409,5676,149,14
AAA,2014J,100409,5676,174,16
AAA,2014J,100409,5676,130,17
AAA,2014J,100409,5676,197,16
AAA,2014J,100409,5676,74,12
AAA,2014J,100409,5676,126,9
AAA,2014J,100409,5676,238,8
AAA,2014J,100409,5676,234,14
AAA,2014J,100409,5676,19,12
AAA,2014J,100409,5676,30,15
AAA,2014J,100409,5676,228,11
AAA,2014J,100409,5676,138,15
AAA,2014J,100409,5676,153,13
AAA,2014J,100409,5676,3,14
AAA,2014J,100409,5676,14,11
AAA,2014J,100409,5676,166,13
AAA,2014J,100409,5676,43,10
AAA,2014J,100409,5676,187,10
AAA,2014J,100409,5676,187,15
AAA,2014J,100409,5676,229,16
AAA,2014J,100409,5676,47,11
AAA,2014J,100409,5676,90,14
AAA,2014J,100409,5676,11,19
AAA,2014J,100409,5676,128,10
AAA,2013J,100749,5677,131,1
AAA,2013J,100749,5677,204,1
AAA,2013J,100749,5677,86,2
AAA,2013J,100749,5677,140,1
AAA,2013J,100749,5677,112,7
AAA,2013J,100749,5677,95,1
AAA,2014J,100041,5678,97,6
AAA,2014J,100041,5678,125,8
AAA,2014J,100041,5678,221,7
AAA,2014J,100041,5678,174,6
AAA,2014J,100041,5678,29,5
AAA,2014J,100041,5678,66,6
AAA,2014J,100041,5678,223,6
AAA,2014J,100041,5678,207,3
AAA,2014J,100041,5678,101,6
AAA,2014J,100041,5678,61,6
AAA,2013J,100186,5679,199,4
AAA,2013J,100186,5679,170,5
AAA,2013J,100186,5679,73,10
AAA,2013J,100186,5679,159,3
AAA,2013J,100186,5679,36,2
AAA,2013J,100186,5679,147,4
AAA,2013J,100186,5679,79,3
AAA,2013J,100186,5679,140,5
AAA,2013J,100186,5679,78,3
AAA,2013J,100186,5679,65,4
AAA,2013J,100186,5679,86,6
AAA,2013J,100186,5679,210,8
AAA,2013J,100186,5679,96,3
AAA,2013J,100186,5679,165,13
AAA,2013J,100186,5679,160,9
AAA,2013J,100186,5679,144,5
AAA,2013J,100186,5679,233,7
AAA,2013J,100186,5679,10,6
AAA,2013J,100186,5679,125,10
AAA,2013J,100186,5679,234,5
AAA,2013J,100186,5679,238,9
AAA,2013J,100186,5679,106,9
AAA,2013J,100186,5679,13,9
BBB,2014J,100493,5680,19,2
BBB,2014J,100493,5680,108,2
BBB,2014J,100493,5680,65,3
BBB,2014J,100493,5680,221,3
BBB,2014J,100493,5680,236,1
BBB,2013J,100448,5681,110,7
BBB,2013J,100448,5681,65,6
BBB,2013J,100448,5681,16,10
BBB,2013J,100448,5681,152,8
BBB,2013J,100448,5681,190,14
BBB,2013J,100448,5681,69,10
BBB,2013J,100448,5681,71,12
BBB,2013J,100448,5681,77,9
BBB,2013J,100448,5681,87,9
BBB,2013J,100448,5681,167,9
BBB,2013J,100448,5681,73,9
BBB,2013J,100448,5681,91,10
BBB,2013J,100448,5681,213,9
BBB,2013J,100448,5681,183,10
BBB,2013J,100448,5681,222,9
BBB,2013J,100448,5681,85,12
BBB,2013J,100448,5681,222,6
BBB,2013J,100448,5681,71,9
BBB,2013J,100448,5681,73,7
BBB,2013J,100448,5681,228,11
BBB,2013J,100448,5681,48,12
BBB,2013J,100448,5681,196,13
BBB,2013J,100448,5681,198,9
BBB,2013J,100448,5681,222,8
BBB,2013J,100448,5681,203,12
AAA,2014J,100262,5682,95,4
AAA,2014J,100262,5682,92,5
AAA,2014J,100262,5682,152,6
AAA,2014J,100262,5682,219,7
AAA,2014J,100262,5682,162,6
AAA,2014J,100262,5682,142,5
AAA,2014J,100262,5682,54,6
AAA,2014J,100262,5682,116,6
AAA,2014J,100262,5682,177,4
BBB,2014J,100803,5683,128,4
BBB,2014J,100803,5683,164,4
BBB,2014J,100803,5683,211,2
BBB,2014J,100803,5683,164,6
BBB,2014J,100803,5683,203,6
BBB,2014J,100803,5683,67,5
BBB,2014J,100803,5683,41,7
BBB,2014J,100834,5684,219,2
BBB,2014J,100834,5684,182,1
BBB,2014J,100172,5685,124,2
BBB,2014J,100172,5685,25,9
BBB,2014J,100172,5685,78,8
BBB,2014J,100172,5685,168,2
BBB,2014J,100172,5685,183,3
BBB,2014J,100172,5685,92,6
BBB,2014J,100172,5685,221,2
BBB,2014J,100172,5685,61,7
BBB,2014J,100172,5685,168,10
BBB,2014J,100172,5685,160,4
BBB,2014J,100172,5685,142,5
BBB,2014J,100172,5685,80,8
BBB,2014J,100172,5685,170,7
BBB,2014J,100172,5685,52,9
BBB,2014J,100172,5685,199,3
AAA,2013J,100797,5686,144,4
AAA,2013J,100797,5686,83,2
AAA,2013J,100797,5686,32,1
AAA,2013J,100797,5686,170,7
AAA,2013J,100797,5686,185,5
AAA,2013J,100797,5686,133,2
AAA,2013J,100797,5686,147,4
AAA,2013J,100797,5686,108,2
AAA,2013J,100797,5686,104,6
BBB,2014J,100880,5687,226,7
BBB,2014J,100880,5687,20,3
BBB,2014J,100880,5687,217,1
BBB,2014J,100880,5687,69,2
BBB,2014J,100880,5687,231,3
BBB,2014J,100880,5687,186,1
BBB,2014J,100880,5687,233,2
CCC,2013J,100680,5688,44,2
CCC,2013J,100680,5688,174,1
AAA,2013J,100683,5689,217,11
AAA,2013J,100683,5689,197,9
AAA,2013J,100683,5689,162,14
AAA,2013J,100683,5689,43,18
AAA,2013J,100683,5689,46,14
AAA,2013J,100683,5689,237,17
AAA,2013J,100683,5689,20,10
AAA,2013J,100683,5689,187,8
AAA,2013J,100683,5689,143,10
AAA,2013J,100683,5689,10,16
AAA,2013J,100683,5689,202,17
AAA,2013J,100683,5689,217,11
AAA,2013J,100683,5689,152,9
AAA,2013J,100683,5689,237,7
AAA,2013J,100683,5689,58,13
AAA,2013J,100683,5689,229,14
AAA,2013J,100683,5689,133,15
AAA,2013J,100683,5689,159,11
AAA,2013J,100683,5689,127,13
AAA,2013J,100683,5689,213,16
AAA,2013J,100683,5689,188,16
AAA,2013J,100190,5690,50,4
AAA,2013J,100190,5690,33,3
AAA,2013J,100190,5690,131,2
AAA,2013J,100190,5690,58,1
AAA,2013J,100190,5690,155,4
CCC,2013J,100280,5691,207,1
BBB,2014J,100088,5692,26,1
BBB,2014J,100088,5692,122,2
BBB,2014J,100088,5692,28,3
BBB,2014J,100088,5692,208,1
BBB,2013J,100826,5693,116,5
BBB,2013J,100826,5693,79,1
BBB,2013J,100826,5693,151,3
BBB,2013J,100826,5693,164,6
BBB,2013J,100826,5693,13,7
BBB,2013J,100826,5693,120,5
BBB,2013J,100826,5693,102,1
BBB,2013J,100826,5693,105,11
BBB,2013J,100826,5693,121,6
BBB,2013J,100826,5693,33,6
BBB,2013J,100826,5693,191,4
BBB,2013J,100826,5693,216,5
BBB,2013J,100826,5693,26,6
BBB,2013J,100826,5693,199,7
CCC,2013J,100895,5694,24,6
CCC,2013J,100895,5694,97,8
CCC,2013J,100895,5694,62,4
CCC,2013J,100895,5694,102,4
CCC,2013J,100895,5694,175,6
CCC,2013J,100895,5694,78,2
CCC,2013J,100895,5694,174,7
CCC,2013J,100895,5694,24,7
CCC,2013J,100895,5694,235,6
CCC,2013J,100895,5694,144,7
CCC,2013J,100895,5694,219,6
BBB,2014J,100429,5695,50,7
BBB,2014J,100429,5695,50,4
BBB,2014J,100429,5695,207,7
BBB,2014J,100429,5695,33,10
BBB,2014J,100429,5695,138,6
BBB,2014J,100429,5695,141,8
BBB,2014J,100429,5695,239,4
AAA,2014J,100497,5696,208,1
AAA,2014J,100497,5696,212,2
AAA,2014J,100497,5696,77,1
AAA,2014J,100497,5696,93,1
AAA,2014J,100497,5696,2,3
AAA,2014J,100497,5696,160,1
CCC,2014J,100294,5697,192,4
CCC,2014J,100294,5697,100,6
CCC,2014J,100294,5697,39,3
CCC,2014J,100294,5697,54,4
CCC,2014J,100294,5697,192,8
CCC,2014J,100294,5697,225,8
CCC,2014J,100294,5697,36,11
AAA,2013J,100634,5698,138,2
AAA,2013J,100634,5698,24,2
AAA,2013J,100634,5698,148,2
AAA,2013J,100634,5698,235,4
AAA,2013J,100634,5698,218,1
AAA,2013J,100634,5698,237,4
AAA,2013J,100634,5698,106,1
BBB,2014J,100042,5699,81,1
BBB,2014J,100042,5699,132,2
BBB,2014J,100168,5700,152,1
AAA,2014J,100806,5701,102,5
AAA,2014J,100806,5701,56,4
AAA,2014J,100806,5701,208,8
AAA,2014J,100806,5701,141,12
AAA,2014J,100806,5701,64,9
AAA,2014J,100806,5701,147,6
AAA,2014J,100806,5701,232,10
AAA,2014J,100806,5701,148,14
AAA,2014J,100806,5701,39,9
AAA,2014J,100806,5701,118,11
AAA,2014J,100806,5701,50,10
AAA,2014J,100806,5701,62,7
AAA,2014J,100806,5701,168,6
AAA,2014J,100806,5701,27,6
AAA,2014J,100806,5701,208,8
CCC,2013J,100403,5702,161,5
CCC,2013J,100403,5702,233,11
CCC,2013J,100403,5702,10,5
CCC,2013J,100403,5702,86,7
CCC,2013J,100691,5703,57,3
CCC,2013J,100691,5703,20,6
CCC,2013J,100691,5703,39,3
CCC,2013J,100691,5703,176,2
CCC,2013J,100691,5703,25,4
AAA,2013J,100323,5704,18,4
AAA,2013J,100323,5704,161,9
AAA,2013J,100323,5704,80,6
AAA,2013J,100323,5704,192,10
AAA,2013J,100323,5704,131,8
AAA,2013J,100323,5704,201,6
CCC,2014J,100485,5705,17,6
CCC,2014J,100485,5705,222,3
CCC,2014J,100485,5705,157,10
CCC,2014J,100485,5705,96,6
CCC,2014J,100485,5705,24,11
CCC,2014J,100485,5705,105,8
CCC,2014J,100485,5705,159,4
CCC,2014J,100485,5705,3,2
CCC,2013J,100525,5706,147,1
CCC,2013J,100525,5706,57,1
BBB,2013J,100337,5707,111,1
BBB,2013J,100087,5708,226,1
BBB,2013J,100087,5708,228,2
BBB,2013J,100087,5708,204,3
CCC,2013J,100880,5709,60,5
CCC,2013J,100880,5709,99,4
CCC,2013J,100880,5709,113,6
CCC,2013J,100880,5709,140,3
CCC,2013J,100880,5709,45,8
CCC,2013J,100880,5709,194,7
CCC,2013J,100880,5709,120,6
CCC,2013J,100880,5709,112,7
CCC,2013J,100880,5709,116,6
CCC,2013J,100880,5709,220,6
CCC,2013J,100880,5709,185,4
CCC,2013J,100880,5709,135,8
CCC,2013J,100880,5709,109,8
CCC,2013J,100880,5709,54,8
CCC,2013J,100880,5709,34,8
CCC,2013J,100880,5709,226,1
CCC,2013J,100880,5709,227,5
CCC,2013J,100880,5709,66,7
CCC,2013J,100880,5709,64,4
CCC,2013J,100880,5709,205,4
CCC,2013J,100880,5709,58,4
CCC,2013J,100880,5709,163,2
CCC,2013J,100880,5709,216,5
CCC,2013J,100401,5710,107,1
BBB,2014J,100648,5711,30,1
BBB,2014J,100648,5711,228,2
BBB,2014J,100725,5712,156,1
BBB,2014J,100725,5712,125,1
BBB,2014J,100725,5712,49,1
BBB,2014J,100725,5712,178,2
BBB,2013J,100434,5713,157,4
BBB,2013J,100434,5713,115,4
BBB,2013J,100434,5713,220,1
BBB,2013J,100434,5713,91,1
BBB,2013J,100434,5713,190,4
BBB,2013J,100434,5713,177,3
BBB,2013J,100434,5713,203,2
BBB,2013J,100434,5713,17,5
BBB,2013J,100434,5713,211,3
BBB,2013J,100434,5713,3,3
CCC,2014J,100715,5714,23,1
CCC,2014J,100715,5714,206,1
CCC,2014J,100715,5714,201,1
CCC,2014J,100715,5714,142,2
CCC,2013J,100221,5715,130,4
CCC,2013J,100221,5715,115,1
CCC,2013J,100221,5715,51,7
CCC,2013J,100221,5715,231,1
CCC,2013J,100221,5715,125,4
CCC,2013J,100221,5715,101,5
CCC,2013J,100221,5715,48,4
CCC,2013J,100221,5715,34,5
CCC,2013J,100221,5715,19,2
BBB,2013J,100227,5716,117,4
BBB,2013J,100227,5716,11,2
BBB,2013J,100227,5716,108,3
BBB,2013J,100227,5716,173,3
BBB,2013J,100227,5716,46,5
BBB,2013J,100227,5716,193,3
BBB,2013J,100227,5716,205,1
BBB,2014J,100542,5717,84,3
BBB,2014J,100542,5717,71,4
BBB,2014J,100542,5717,136,2
BBB,2014J,100542,5717,204,3
BBB,2014J,100542,5717,41,2
BBB,2014J,100542,5717,166,4
BBB,2013J,100317,5718,147,5
BBB,2013J,100317,5718,150,10
BBB,2013J,100317,5718,114,6
BBB,2013J,100317,5718,103,7
BBB,2013J,100317,5718,56,13
BBB,2013J,100317,5718,64,11
BBB,2013J,100317,5718,168,7
BBB,2013J,100317,5718,233,13
BBB,2013J,100317,5718,130,12
BBB,2013J,100317,5718,49,2
BBB,2013J,100317,5718,57,12
BBB,2013J,100317,5718,45,9
BBB,2013J,100317,5718,126,7
BBB,2013J,100317,5718,170,11
BBB,2013J,100317,5718,186,8
BBB,2013J,100317,5718,154,4
BBB,2013J,100317,5718,233,5
BBB,2013J,100317,5718,214,5
BBB,2013J,100317,5718,54,2
BBB,2013J,100317,5718,218,5
BBB,2013J,100317,5718,13,8
BBB,2013J,100317,5718,178,10
BBB,2013J,100317,5718,135,3
CCC,2013J,100642,5719,159,3
CCC,2013J,100642,5719,189,2
CCC,2013J,100642,5719,165,1
CCC,2013J,100642,5719,44,1
AAA,2013J,100674,5720,31,8
AAA,2013J,100674,5720,35,13
AAA,2013J,100674,5720,128,6
AAA,2013J,100674,5720,62,4
AAA,2013J,100674,5720,72,11
AAA,2013J,100674,5720,182,3
AAA,2013J,100674,5720,97,9
AAA,2013J,100674,5720,206,6
AAA,2013J,100674,5720,150,6
AAA,2013J,100674,5720,224,8
AAA,2013J,100674,5720,168,8
AAA,2013J,100674,5720,228,4
AAA,2013J,100674,5720,174,9
AAA,2014J,100580,5721,150,5
AAA,2014J,100580,5721,220,4
AAA,2014J,100580,5721,197,4
AAA,2014J,100580,5721,103,6
AAA,2014J,100580,5721,129,6
BBB,2013J,100081,5722,22,8
BBB,2013J,100081,5722,111,3
BBB,2013J,100081,5722,182,8
BBB,2013J,100081,5722,121,8
BBB,2013J,100081,5722,193,10
BBB,2013J,100081,5722,17,5
BBB,2013J,100081,5722,110,7
BBB,2013J,100081,5722,216,8
BBB,2013J,100610,5723,1,1
BBB,2013J,100610,5723,210,6
BBB,2013J,100610,5723,235,6
BBB,2013J,100610,5723,175,7
BBB,2013J,100610,5723,237,7
BBB,2013J,100610,5723,53,4
BBB,2013J,100610,5723,148,6
BBB,2013J,100610,5723,182,5
BBB,2013J,100610,5723,83,11
BBB,2013J,100610,5723,52,10
CCC,2013J,100240,5724,114,1
CCC,2013J,100240,5724,149,2
CCC,2013J,100240,5724,103,3
CCC,2013J,100240,5724,7,2
CCC,2013J,100240,5724,161,6
CCC,2013J,100240,5724,47,6
BBB,2013J,100723,5725,132,5
BBB,2013J,100723,5725,203,5
BBB,2013J,100723,5725,61,7
BBB,2013J,100723,5725,43,4
BBB,2013J,100723,5725,106,4
BBB,2013J,100723,5725,76,4
BBB,2013J,100723,5725,213,8
BBB,2013J,100723,5725,183,8
BBB,2013J,100723,5725,94,5
BBB,2013J,100723,5725,86,4
BBB,2013J,100723,5725,3,6
BBB,2013J,100723,5725,21,6
BBB,2013J,100723,5725,133,1
BBB,2013J,100723,5725,157,4
BBB,2013J,100723,5725,190,7
BBB,2013J,100723,5725,26,3
BBB,2013J,100723,5725,38,6
BBB,2013J,100738,5726,133,4
BBB,2013J,100738,5726,20,3
BBB,2013J,100738,5726,173,3
BBB,2013J,100738,5726,141,9
BBB,2013J,100738,5726,124,7
BBB,2013J,100738,5726,136,3
BBB,2013J,100738,5726,239,9
CCC,2014J,100039,5727,232,11
CCC,2014J,100039,5727,25,11
CCC,2014J,100039,5727,96,5
CCC,2014J,100039,5727,45,5
CCC,2014J,100039,5727,15,11
CCC,2014J,100039,5727,0,6
CCC,2014J,100039,5727,89,7
CCC,2014J,100039,5727,23,7
CCC,2014J,100039,5727,172,3
CCC,2014J,100039,5727,82,12
CCC,2014J,100039,5727,52,6
CCC,2014J,100039,5727,227,8
CCC,2014J,100039,5727,150,5
CCC,2014J,100039,5727,191,8
CCC,2014J,100039,5727,184,10
CCC,2014J,100039,5727,54,6
BBB,2013J,100809,5728,38,5
BBB,2013J,100809,5728,145,1
BBB,2013J,100488,5729,205,5
BBB,2013J,100488,5729,209,3
BBB,2013J,100488,5729,86,4
BBB,2013J,100488,5729,39,5
BBB,2013J,100488,5729,147,3
BBB,2013J,100488,5729,213,2
BBB,2013J,100488,5729,138,4
BBB,2013J,100488,5729,97,3
BBB,2013J,100488,5729,56,4
BBB,2013J,100488,5729,70,4
BBB,2013J,100488,5729,183,4
BBB,2013J,100488,5729,88,5
BBB,2013J,100488,5729,121,4
BBB,2013J,100488,5729,144,3
BBB,2013J,100488,5729,72,5
BBB,2014J,100600,5730,72,3
BBB,2014J,100600,5730,211,5
BBB,2014J,100600,5730,74,4
BBB,2014J,100600,5730,46,2
BBB,2014J,100600,5730,62,5
BBB,2014J,100600,5730,158,8
BBB,2014J,100327,5731,164,4
BBB,2014J,100327,5731,104,8
BBB,2014J,100327,5731,140,6
BBB,2014J,100327,5731,119,9
BBB,2014J,100327,5731,123,5
BBB,2014J,100327,5731,37,6
BBB,2014J,100327,5731,197,7
BBB,2014J,100327,5731,150,8
BBB,2014J,100327,5731,50,6
BBB,2014J,100327,5731,26,8
BBB,2014J,100327,5731,231,3
CCC,2013J,100156,5732,49,1
CCC,2013J,100156,5732,34,3
BBB,2013J,100172,5733,88,8
BBB,2013J,100172,5733,99,3
BBB,2013J,100172,5733,18,5
BBB,2013J,100172,5733,199,7
BBB,2013J,100172,5733,155,11
BBB,2013J,100172,5733,145,4
BBB,2013J,100172,5733,183,3
BBB,2013J,100172,5733,112,3
BBB,2013J,100172,5733,141,4
BBB,2013J,100172,5733,164,1
BBB,2013J,100172,5733,155,6
BBB,2013J,100172,5733,177,1
BBB,2014J,100837,5734,142,3
BBB,2013J,100625,5735,23,9
BBB,2013J,100625,5735,207,6
BBB,2013J,100625,5735,28,7
BBB,2013J,100625,5735,16,6
BBB,2013J,100625,5735,86,10
BBB,2013J,100625,5735,31,7
BBB,2013J,100625,5735,217,10
BBB,2013J,100625,5735,131,12
BBB,2013J,100625,5735,22,8
BBB,2013J,100625,5735,133,11
BBB,2013J,100625,5735,174,5
BBB,2013J,100625,5735,185,7
BBB,2013J,100625,5735,227,6
BBB,2013J,100625,5735,148,9
AAA,2013J,100467,5736,144,10
AAA,2013J,100467,5736,211,11
AAA,2013J,100467,5736,1,8
AAA,2013J,100467,5736,73,4
AAA,2013J,100467,5736,110,14
AAA,2013J,100467,5736,124,14
AAA,2013J,100467,5736,184,16
AAA,2013J,100467,5736,81,11
AAA,2013J,100467,5736,146,10
AAA,2013J,100467,5736,203,11
AAA,2013J,100467,5736,76,11
AAA,2013J,100467,5736,120,12
AAA,2013J,100467,5736,156,10
AAA,2013J,100467,5736,192,13
AAA,2013J,100467,5736,190,12
AAA,2013J,100467,5736,97,11
AAA,2013J,100467,5736,37,9
AAA,2013J,100467,5736,28,5
AAA,2013J,100467,5736,15,12
BBB,2014J,100822,5737,79,6
BBB,2014J,100822,5737,111,11
BBB,2014J,100822,5737,211,11
BBB,2014J,100822,5737,82,8
BBB,2014J,100822,5737,23,8
BBB,2014J,100822,5737,131,5
BBB,2014J,100822,5737,100,5
BBB,2014J,100822,5737,202,9
BBB,2014J,100822,5737,8,12
AAA,2013J,100607,5738,69,10
AAA,2013J,100607,5738,84,8
AAA,2013J,100607,5738,153,9
AAA,2013J,100607,5738,192,4
AAA,2013J,100607,5738,137,7
AAA,2013J,100607,5738,59,7
AAA,2013J,100607,5738,194,9
AAA,2013J,100607,5738,84,6
AAA,2013J,100607,5738,193,5
AAA,2013J,100607,5738,129,8
AAA,2013J,100607,5738,191,7
AAA,2013J,100607,5738,197,3
AAA,2013J,100607,5738,130,9
AAA,2013J,100607,5738,78,6
AAA,2013J,100607,5738,76,6
AAA,2013J,100607,5738,8,11
AAA,2013J,100571,5739,96,5
AAA,2013J,100571,5739,216,8
AAA,2013J,100571,5739,122,5
AAA,2013J,100571,5739,225,4
AAA,2013J,100571,5739,62,4
BBB,2013J,100879,5740,230,1
BBB,2013J,100879,5740,131,1
AAA,2014J,100174,5741,93,5
AAA,2014J,100174,5741,51,5
AAA,2014J,100174,5741,145,3
AAA,2014J,100174,5741,143,5
AAA,2014J,100174,5741,5,5
AAA,2014J,100174,5741,185,2
AAA,2014J,100174,5741,41,4
BBB,2014J,100342,5742,153,1
BBB,2014J,100342,5742,72,4
BBB,2013J,100861,5743,12,2
BBB,2013J,100861,5743,59,2
BBB,2014J,100562,5744,201,3
BBB,2014J,100562,5744,213,5
BBB,2014J,100562,5744,50,2
BBB,2014J,100562,5744,200,2
BBB,2014J,100562,5744,153,4
CCC,2014J,100580,5745,47,4
CCC,2014J,100580,5745,69,10
CCC,2014J,100580,5745,16,7
CCC,2014J,100580,5745,160,9
CCC,2014J,100580,5745,49,9
CCC,2014J,100580,5745,155,5
CCC,2014J,100580,5745,14,10
CCC,2014J,100580,5745,123,1
CCC,2014J,100580,5745,52,7
BBB,2014J,100403,5746,74,1
CCC,2013J,100105,5747,238,7
CCC,2013J,100105,5747,78,2
CCC,2013J,100105,5747,215,6
CCC,2013J,100105,5747,119,1
CCC,2013J,100105,5747,58,3
CCC,2013J,100298,5748,124,10
CCC,2013J,100298,5748,198,8
CCC,2013J,100298,5748,56,16
CCC,2013J,100298,5748,163,10
CCC,2013J,100298,5748,85,10
CCC,2013J,100298,5748,184,6
CCC,2013J,100298,5748,199,6
CCC,2013J,100298,5748,136,7
CCC,2013J,100298,5748,77,9
CCC,2013J,100298,5748,87,13
CCC,2013J,100298,5748,124,6
AAA,2014J,100803,5749,197,10
AAA,2014J,100803,5749,229,7
AAA,2014J,100803,5749,154,4
AAA,2014J,100803,5749,137,4
AAA,2014J,100803,5749,159,9
AAA,2014J,100803,5749,133,7
AAA,2014J,100803,5749,57,8
AAA,2014J,100803,5749,8,6
AAA,2014J,100803,5749,11,9
AAA,2014J,100803,5749,87,6
AAA,2014J,100803,5749,177,12
AAA,2014J,100803,5749,200,6
AAA,2014J,100803,5749,53,7
AAA,2014J,100803,5749,77,12
AAA,2014J,100803,5749,2,7
AAA,2014J,100803,5749,217,6
AAA,2014J,100803,5749,38,4
AAA,2014J,100803,5749,123,9
AAA,2014J,100803,5749,14,5
AAA,2014J,100803,5749,201,4
BBB,2013J,100007,5750,103,3
BBB,2013J,100007,5750,39,3
BBB,2013J,100007,5750,0,5
BBB,2013J,100007,5750,71,4
BBB,2013J,100007,5750,224,1
BBB,2013J,100007,5750,79,3
BBB,2013J,100007,5750,196,5
BBB,2013J,100007,5750,66,1
BBB,2013J,100007,5750,163,1
CCC,2014J,100084,5751,46,4
CCC,2014J,100084,5751,126,12
CCC,2014J,100084,5751,140,6
CCC,2014J,100084,5751,201,3
CCC,2014J,100084,5751,181,5
CCC,2014J,100084,5751,124,4
CCC,2014J,100084,5751,1,4
CCC,2014J,100084,5751,221,7
CCC,2014J,100084,5751,106,6
CCC,2014J,100084,5751,203,6
CCC,2014J,100084,5751,65,6
CCC,2014J,100084,5751,88,5
CCC,2014J,100084,5751,147,8
AAA,2014J,100729,5752,92,7
AAA,2014J,100729,5752,124,5
AAA,2014J,100729,5752,22,12
AAA,2014J,100729,5752,121,7
AAA,2014J,100729,5752,173,5
AAA,2014J,100729,5752,49,9
AAA,2014J,100729,5752,133,4
AAA,2014J,100729,5752,2,7
AAA,2014J,100729,5752,197,6
AAA,2014J,100729,5752,171,10
AAA,2014J,100729,5752,173,9
AAA,2014J,100729,5752,104,16
AAA,2014J,100268,5753,28,2
AAA,2014J,100268,5753,46,9
AAA,2014J,100268,5753,60,4
AAA,2014J,100268,5753,84,4
AAA,2014J,100268,5753,124,8
AAA,2014J,100268,5753,182,3
AAA,2014J,100268,5753,19,2
AAA,2014J,100268,5753,99,4
AAA,2014J,100268,5753,8,6
AAA,2014J,100268,5753,148,5
AAA,2014J,100268,5753,216,7
AAA,2014J,100268,5753,220,12
AAA,2014J,100268,5753,16,6
AAA,2014J,100268,5753,170,7
AAA,2014J,100268,5753,190,5
AAA,2014J,100268,5753,199,8
CCC,2013J,100762,5754,113,8
CCC,2013J,100762,5754,106,7
CCC,2013J,100762,5754,139,8
CCC,2013J,100762,5754,54,8
CCC,2013J,100762,5754,108,7
CCC,2013J,100762,5754,218,10
CCC,2013J,100762,5754,153,5
CCC,2013J,100762,5754,68,5
CCC,2013J,100762,5754,220,9
CCC,2013J,100762,5754,185,7
CCC,2013J,100762,5754,233,9
CCC,2013J,100762,5754,183,7
CCC,2013J,100762,5754,4,8
AAA,2014J,100405,5755,21,11
AAA,2014J,100405,5755,34,11
AAA,2014J,100405,5755,132,7
AAA,2014J,100405,5755,205,7
AAA,2014J,100405,5755,167,9
AAA,2014J,100405,5755,111,5
AAA,2014J,100405,5755,84,8
AAA,2014J,100405,5755,152,9
AAA,2014J,100405,5755,119,7
AAA,2014J,100405,5755,208,9
AAA,2014J,100405,5755,38,6
AAA,2014J,100405,5755,184,4
AAA,2014J,100405,5755,12,9
AAA,2014J,100405,5755,226,5
AAA,2014J,100405,5755,109,6
AAA,2014J,100405,5755,2,9
AAA,2014J,100405,5755,234,4
BBB,2013J,100611,5756,167,2
BBB,2013J,100611,5756,100,2
BBB,2013J,100611,5756,4,3
BBB,2013J,100611,5756,208,4
BBB,2013J,100040,5757,171,11
BBB,2013J,100040,5757,43,2
BBB,2013J,100040,5757,76,3
BBB,2013J,100040,5757,208,7
BBB,2013J,100040,5757,3,4
BBB,2013J,100040,5757,103,4
BBB,2013J,100040,5757,152,6
BBB,2013J,100040,5757,221,2
BBB,2013J,100040,5757,82,2
BBB,2013J,100040,5757,77,7
BBB,2013J,100040,5757,48,9
BBB,2013J,100040,5757,235,3
BBB,2013J,100040,5757,52,4
BBB,2013J,100040,5757,161,4
BBB,2013J,100040,5757,208,5
BBB,2013J,100040,5757,179,6
AAA,2014J,100463,5758,65,3
AAA,2014J,100463,5758,209,2
AAA,2014J,100463,5758,73,4
AAA,2014J,100463,5758,51,5
AAA,2014J,100463,5758,104,5
AAA,2014J,100463,5758,112,6
AAA,2014J,100463,5758,227,7
AAA,2014J,100463,5758,164,6
AAA,2014J,100463,5758,187,1
AAA,2014J,100463,5758,6,4
AAA,2014J,100463,5758,205,2
AAA,2014J,100463,5758,93,5
AAA,2014J,100463,5758,22,1
AAA,2014J,100463,5758,70,9
AAA,2014J,100463,5758,156,3
AAA,2014J,100463,5758,16,2
AAA,2014J,100730,5759,152,7
AAA,2014J,100730,5759,70,8
AAA,2014J,100730,5759,75,4
AAA,2014J,100730,5759,6,7
AAA,2014J,100730,5759,192,10
AAA,2014J,100730,5759,87,9
AAA,2014J,100730,5759,209,7
AAA,2014J,100730,5759,85,14
AAA,2014J,100730,5759,123,7
AAA,2014J,100730,5759,33,5
BBB,2014J,100534,5760,65,2
BBB,2014J,100534,5760,5,7
BBB,2014J,100534,5760,86,3
BBB,2014J,100534,5760,215,5
BBB,2014J,100534,5760,138,9
BBB,2014J,100534,5760,53,7
BBB,2014J,100534,5760,226,6
BBB,2014J,100534,5760,151,6
BBB,2014J,100420,5761,37,3
BBB,2014J,100420,5761,198,2
BBB,2014J,100420,5761,189,2
BBB,2014J,100420,5761,115,1
BBB,2014J,100420,5761,76,2
BBB,2014J,100420,5761,13,1
BBB,2013J,100608,5762,201,1
BBB,2013J,100608,5762,58,8
BBB,2013J,100608,5762,72,11
BBB,2013J,100608,5762,29,8
BBB,2013J,100608,5762,18,9
BBB,2013J,100608,5762,98,10
BBB,2013J,100608,5762,144,7
BBB,2013J,100608,5762,226,8
BBB,2013J,100608,5762,112,8
BBB,2013J,100608,5762,198,6
BBB,2013J,100608,5762,222,7
BBB,2013J,100608,5762,118,5
BBB,2013J,100608,5762,133,11
BBB,2013J,100608,5762,96,9
BBB,2013J,100608,5762,183,8
BBB,2013J,100608,5762,9,8
BBB,2013J,100608,5762,226,4
BBB,2013J,100608,5762,117,9
BBB,2013J,100608,5762,30,3
CCC,2013J,100474,5763,61,6
CCC,2013J,100474,5763,83,9
CCC,2013J,100474,5763,79,5
CCC,2013J,100474,5763,230,7
CCC,2013J,100474,5763,142,8
CCC,2013J,100474,5763,42,5
CCC,2013J,100474,5763,73,2
CCC,2013J,100474,5763,83,9
CCC,2013J,100474,5763,229,13
CCC,2013J,100474,5763,209,6
AAA,2014J,100731,5764,43,6
AAA,2014J,100731,5764,217,4
AAA,2014J,100731,5764,3,5
AAA,2014J,100731,5764,100,4
AAA,2014J,100731,5764,213,8
AAA,2014J,100731,5764,225,5
AAA,2013J,100791,5765,237,1
AAA,2014J,100141,5766,137,6
AAA,2014J,100141,5766,150,3
AAA,2014J,100141,5766,181,5
AAA,2014J,100141,5766,35,1
AAA,2014J,100141,5766,199,7
AAA,2014J,100141,5766,67,13
AAA,2014J,100141,5766,65,11
AAA,2014J,100141,5766,74,3
AAA,2014J,100141,5766,186,10
AAA,2014J,100141,5766,147,8
CCC,2014J,100115,5767,37,2
CCC,2014J,100115,5767,177,1
CCC,2014J,100115,5767,16,2
CCC,2014J,100115,5767,119,2
CCC,2014J,100115,5767,187,1
CCC,2014J,100115,5767,108,4
CCC,2014J,100115,5767,37,2
CCC,2014J,100115,5767,231,3
CCC,2014J,100115,5767,8,5
CCC,2014J,100606,5768,164,5
CCC,2014J,100606,5768,110,9
CCC,2014J,100606,5768,45,5
CCC,2014J,100606,5768,157,7
CCC,2014J,100606,5768,150,5
CCC,2014J,100606,5768,32,9
CCC,2014J,100606,5768,215,5
CCC,2014J,100606,5768,227,7
CCC,2014J,100606,5768,238,4
BBB,2013J,100145,5769,39,2
BBB,2013J,100145,5769,114,2
BBB,2013J,100145,5769,51,1
BBB,2013J,100145,5769,90,2
BBB,2013J,100145,5769,44,1
BBB,2013J,100145,5769,239,4
AAA,2013J,100842,5770,229,6
AAA,2013J,100842,5770,87,9
AAA,2013J,100842,5770,46,8
AAA,2013J,100842,5770,138,13
AAA,2013J,100842,5770,151,13
AAA,2013J,100842,5770,84,11
AAA,2013J,100842,5770,173,10
AAA,2013J,100842,5770,194,6
AAA,2013J,100842,5770,154,11
AAA,2013J,100842,5770,189,10
AAA,2013J,100842,5770,83,14
AAA,2013J,100842,5770,55,11
AAA,2013J,100842,5770,213,10
AAA,2013J,100842,5770,103,6
AAA,2013J,100842,5770,25,6
AAA,2013J,100842,5770,33,5
AAA,2013J,100842,5770,234,9
AAA,2013J,100842,5770,1,6
AAA,2013J,100842,5770,206,4
AAA,2013J,100842,5770,71,9
AAA,2013J,100842,5770,239,8
AAA,2013J,100842,5770,134,11
CCC,2014J,100353,5771,37,1
CCC,2014J,100353,5771,128,1
CCC,2014J,100353,5771,55,1
CCC,2014J,100353,5771,92,5
CCC,2014J,100353,5771,120,1
BBB,2014J,100222,5772,186,5
BBB,2014J,100222,5772,82,3
BBB,2014J,100222,5772,214,3
BBB,2014J,100222,5772,172,4
CCC,2013J,100193,5773,221,3
CCC,2013J,100193,5773,70,4
CCC,2013J,100193,5773,215,2
CCC,2013J,100193,5773,140,2
CCC,2013J,100193,5773,223,1
CCC,2013J,100193,5773,60,3
CCC,2013J,100193,5773,129,5
CCC,2014J,100603,5774,109,2
CCC,2014J,100603,5774,67,5
CCC,2014J,100603,5774,169,5
CCC,2014J,100603,5774,130,7
CCC,2014J,100603,5774,76,5
CCC,2014J,100603,5774,6,6
CCC,2014J,100603,5774,6,3
CCC,2014J,100603,5774,216,5
CCC,2014J,100603,5774,151,6
CCC,2014J,100520,5775,201,11
CCC,2014J,100520,5775,68,13
CCC,2014J,100520,5775,14,12
CCC,2014J,100520,5775,105,8
CCC,2014J,100520,5775,98,7
CCC,2014J,100520,5775,178,7
CCC,2014J,100520,5775,0,7
CCC,2014J,100520,5775,32,7
CCC,2014J,100520,5775,81,10
CCC,2014J,100520,5775,13,4
CCC,2014J,100520,5775,1,8
CCC,2014J,100520,5775,139,9
CCC,2014J,100520,5775,206,12
AAA,2013J,100210,5776,86,5
AAA,2013J,100210,5776,4,2
AAA,2013J,100210,5776,24,1
AAA,2013J,100210,5776,36,1
AAA,2013J,100210,5776,208,2
CCC,2013J,100476,5777,153,4
CCC,2013J,100476,5777,96,7
CCC,2013J,100476,5777,110,4
CCC,2013J,100476,5777,51,4
CCC,2013J,100476,5777,213,7
CCC,2013J,100476,5777,177,2
CCC,2013J,100476,5777,18,8
CCC,2013J,100476,5777,54,7
CCC,2013J,100476,5777,140,7
CCC,2013J,100476,5777,173,4
CCC,2013J,100476,5777,180,5
CCC,2013J,100476,5777,225,4
CCC,2013J,100476,5777,138,4
CCC,2013J,100476,5777,45,2
CCC,2013J,100476,5777,9,3
BBB,2014J,100000,5778,31,6
BBB,2014J,100000,5778,182,2
BBB,2014J,100000,5778,234,5
BBB,2014J,100000,5778,79,6
BBB,2014J,100000,5778,20,6
BBB,2014J,100000,5778,94,5
BBB,2014J,100000,5778,205,5
AAA,2014J,100721,5779,235,5
AAA,2014J,100721,5779,203,6
AAA,2014J,100721,5779,166,6
AAA,2014J,100721,5779,50,4
AAA,2014J,100721,5779,162,1
AAA,2014J,100721,5779,184,2
AAA,2014J,100721,5779,171,4
AAA,2013J,100694,5780,117,9
AAA,2013J,100694,5780,216,10
AAA,2013J,100694,5780,139,6
AAA,2013J,100694,5780,78,5
AAA,2013J,100694,5780,19,3
AAA,2013J,100694,5780,233,7
AAA,2013J,100694,5780,191,10
AAA,2013J,100694,5780,77,5
AAA,2013J,100694,5780,170,7
AAA,2013J,100694,5780,195,11
AAA,2013J,100694,5780,5,6
AAA,2013J,100694,5780,224,5
AAA,2013J,100694,5780,32,8
AAA,2013J,100694,5780,31,3
BBB,2014J,100195,5781,87,1
BBB,2014J,100591,5782,46,4
BBB,2014J,100591,5782,196,5
BBB,2014J,100591,5782,73,7
BBB,2014J,100591,5782,178,5
BBB,2014J,100591,5782,101,4
BBB,2014J,100591,5782,200,1
CCC,2014J,100369,5783,150,2
CCC,2014J,100369,5783,149,6
CCC,2014J,100369,5783,88,7
AAA,2013J,100795,5784,63,1
CCC,2013J,100858,5785,66,4
CCC,2013J,100858,5785,159,5
CCC,2013J,100858,5785,122,14
CCC,2013J,100858,5785,11,11
CCC,2013J,100858,5785,224,4
CCC,2013J,100858,5785,67,10
CCC,2013J,100858,5785,214,8
CCC,2013J,100858,5785,114,5
CCC,2013J,100858,5785,141,12
CCC,2013J,100858,5785,211,11
CCC,2013J,100858,5785,48,10
CCC,2013J,100858,5785,24,6
CCC,2013J,100858,5785,44,6
CCC,2013J,100858,5785,199,7
AAA,2013J,100228,5786,26,1
BBB,2014J,100237,5787,30,2
BBB,2014J,100237,5787,17,1
BBB,2014J,100237,5787,110,5
BBB,2014J,100237,5787,169,1
BBB,2014J,100237,5787,109,1
BBB,2013J,100670,5788,1,2
BBB,2013J,100670,5788,75,3
BBB,2013J,100670,5788,136,4
BBB,2013J,100670,5788,129,4
BBB,2013J,100670,5788,153,6
BBB,2013J,100670,5788,199,5
BBB,2013J,100670,5788,95,1
BBB,2014J,100884,5789,60,10
BBB,2014J,100884,5789,50,5
BBB,2014J,100884,5789,89,10
BBB,2014J,100884,5789,64,5
BBB,2014J,100884,5789,194,8
BBB,2014J,100884,5789,142,10
BBB,2014J,100884,5789,20,7
BBB,2014J,100884,5789,100,9
BBB,2014J,100884,5789,34,3
BBB,2014J,100884,5789,34,10
BBB,2014J,100884,5789,153,8
BBB,2014J,100884,5789,118,7
BBB,2014J,100884,5789,44,8
BBB,2014J,100884,5789,156,14
BBB,2014J,100884,5789,107,10
BBB,2014J,100884,5789,94,9
BBB,2014J,100884,5789,6,7
BBB,2014J,100884,5789,148,5
BBB,2014J,100884,5789,66,12
BBB,2014J,100884,5789,168,14
BBB,2014J,100884,5789,79,15
BBB,2014J,100884,5789,156,9
BBB,2014J,100884,5789,149,9
BBB,2014J,100884,5789,34,5
CCC,2014J,100382,5790,158,8
CCC,2014J,100382,5790,117,5
CCC,2014J,100382,5790,42,6
CCC,2014J,100382,5790,79,10
CCC,2014J,100382,5790,143,2
CCC,2014J,100382,5790,133,3
CCC,2014J,100382,5790,198,5
CCC,2014J,100382,5790,52,5
CCC,2014J,100382,5790,113,10
CCC,2014J,100509,5791,97,1
CCC,2014J,100509,5791,97,2
CCC,2014J,100509,5791,194,3
CCC,2014J,100509,5791,205,2
CCC,2014J,100509,5791,115,1
CCC,2014J,100509,5791,144,6
CCC,2014J,100509,5791,97,3
CCC,2013J,100261,5792,95,1
CCC,2013J,100261,5792,134,2
CCC,2013J,100261,5792,213,4
AAA,2014J,100249,5793,225,7
AAA,2014J,100249,5793,34,5
AAA,2014J,100249,5793,10,9
AAA,2014J,100249,5793,24,10
AAA,2014J,100249,5793,151,7
AAA,2014J,100249,5793,21,4
AAA,2014J,100249,5793,165,5
AAA,2014J,100249,5793,22,7
AAA,2014J,100249,5793,49,6
AAA,2013J,100748,5794,206,1
BBB,2013J,100203,5795,139,6
BBB,2013J,100203,5795,174,4
BBB,2013J,100203,5795,52,13
BBB,2013J,100203,5795,92,9
BBB,2013J,100203,5795,112,8
BBB,2013J,100203,5795,92,15
BBB,2013J,100203,5795,196,8
BBB,2013J,100203,5795,202,6
BBB,2013J,100203,5795,45,5
BBB,2013J,100203,5795,14,7
BBB,2013J,100203,5795,125,9
BBB,2013J,100203,5795,203,4
BBB,2013J,100486,5796,74,2
BBB,2013J,100486,5796,126,2
BBB,2013J,100486,5796,178,2
BBB,2013J,100486,5796,69,7
CCC,2013J,100220,5797,88,1
CCC,2014J,100157,5798,125,2
CCC,2014J,100157,5798,191,4
CCC,2014J,100157,5798,51,3
CCC,2014J,100157,5798,213,6
CCC,2014J,100157,5798,29,4
CCC,2014J,100157,5798,36,1
CCC,2014J,100157,5798,211,2
AAA,2013J,100307,5799,12,3
AAA,2013J,100307,5799,43,3
AAA,2013J,100307,5799,117,5
AAA,2013J,100307,5799,3,5
AAA,2013J,100307,5799,52,2
AAA,2013J,100307,5799,29,4
AAA,2013J,100307,5799,211,3
AAA,2013J,100307,5799,9,4
AAA,2013J,100307,5799,28,3
AAA,2013J,100825,5800,2,4
AAA,2013J,100825,5800,106,3
AAA,2013J,100825,5800,194,4
AAA,2013J,100825,5800,93,3
AAA,2013J,100825,5800,78,4
AAA,2013J,100825,5800,207,2
CCC,2013J,100357,5801,186,6
CCC,2013J,100357,5801,2,5
CCC,2013J,100357,5801,42,6
CCC,2013J,100357,5801,26,4
CCC,2013J,100357,5801,127,5
CCC,2013J,100357,5801,117,2
CCC,2013J,100357,5801,186,6
CCC,2013J,100357,5801,26,2
CCC,2013J,100357,5801,116,5
CCC,2013J,100357,5801,95,6
CCC,2013J,100357,5801,183,7
BBB,2013J,100830,5802,237,1
AAA,2014J,100718,5803,144,3
AAA,2014J,100718,5803,191,12
AAA,2014J,100718,5803,155,3
AAA,2014J,100718,5803,225,9
AAA,2014J,100718,5803,153,5
AAA,2014J,100718,5803,27,10
AAA,2014J,100718,5803,143,1
AAA,2014J,100718,5803,3,5
CCC,2013J,100660,5804,184,3
CCC,2013J,100660,5804,22,7
CCC,2013J,100660,5804,191,6
CCC,2013J,100660,5804,14,3
BBB,2014J,100787,5805,160,1
BBB,2014J,100787,5805,155,3
BBB,2014J,100787,5805,27,2
BBB,2014J,100787,5805,105,1
BBB,2014J,100787,5805,228,3
BBB,2014J,100787,5805,219,3
CCC,2013J,100492,5806,67,3
CCC,2013J,100492,5806,220,4
CCC,2013J,100492,5806,225,2
CCC,2013J,100492,5806,202,5
CCC,2014J,100304,5807,57,4
CCC,2014J,100304,5807,227,4
CCC,2014J,100304,5807,6,1
CCC,2014J,100304,5807,174,1
CCC,2014J,100304,5807,110,1
CCC,2014J,100304,5807,192,2
CCC,2013J,100391,5808,183,4
CCC,2013J,100391,5808,8,7
CCC,2013J,100391,5808,194,4
CCC,2013J,100391,5808,20,5
CCC,2013J,100234,5809,142,8
CCC,2013J,100234,5809,98,6
CCC,2013J,100234,5809,52,4
CCC,2013J,100234,5809,156,5
CCC,2013J,100234,5809,0,3
CCC,2013J,100234,5809,178,6
CCC,2013J,100234,5809,22,6
CCC,2013J,100234,5809,26,3
CCC,2014J,100400,5810,96,5
CCC,2014J,100400,5810,215,8
CCC,2014J,100400,5810,234,5
CCC,2014J,100400,5810,70,3
CCC,2014J,100400,5810,99,3
CCC,2014J,100400,5810,8,9
CCC,2014J,100400,5810,86,7
CCC,2014J,100400,5810,180,5
CCC,2014J,100400,5810,193,7
CCC,2014J,100400,5810,168,10
CCC,2014J,100400,5810,110,12
AAA,2014J,100270,5811,67,17
AAA,2014J,100270,5811,192,14
AAA,2014J,100270,5811,209,6
AAA,2014J,100270,5811,143,13
AAA,2014J,100270,5811,192,10
AAA,2014J,100270,5811,19,18
AAA,2014J,100270,5811,238,15
AAA,2014J,100270,5811,208,14
AAA,2014J,100270,5811,32,17
AAA,2014J,100270,5811,157,15
AAA,2014J,100270,5811,202,13
AAA,2014J,100270,5811,176,11
AAA,2014J,100270,5811,58,8
AAA,2014J,100270,5811,55,18
AAA,2014J,100270,5811,14,16
AAA,2014J,100270,5811,129,13
AAA,2014J,100270,5811,60,11
AAA,2014J,100270,5811,137,13
AAA,2014J,100270,5811,35,15
AAA,2014J,100270,5811,98,15
AAA,2014J,100270,5811,68,18
AAA,2014J,100270,5811,33,20
AAA,2014J,100270,5811,219,15
AAA,2014J,100270,5811,26,10
AAA,2014J,100270,5811,157,18
AAA,2014J,100270,5811,105,11
AAA,2014J,100270,5811,137,13
AAA,2014J,100270,5811,65,15
AAA,2014J,100270,5811,209,18
AAA,2014J,100270,5811,84,12
AAA,2014J,100270,5811,215,15
AAA,2014J,100270,5811,91,13
AAA,2014J,100270,5811,231,10
AAA,2014J,100270,5811,175,17
AAA,2014J,100270,5811,210,12
AAA,2013J,100154,5812,164,5
AAA,2013J,100154,5812,60,6
AAA,2013J,100154,5812,132,2
AAA,2013J,100154,5812,127,6
AAA,2013J,100154,5812,123,5
AAA,2013J,100154,5812,217,5
AAA,2013J,100154,5812,90,1
AAA,2013J,100154,5812,166,5
AAA,2013J,100154,5812,98,2
AAA,2013J,100154,5812,44,4
AAA,2013J,100154,5812,86,4
AAA,2013J,100154,5812,96,2
AAA,2013J,100154,5812,41,6
AAA,2013J,100154,5812,139,6
AAA,2013J,100154,5812,238,1
AAA,2014J,100407,5813,89,7
AAA,2014J,100407,5813,38,6
AAA,2014J,100407,5813,232,8
AAA,2014J,100407,5813,120,7
AAA,2014J,100407,5813,22,3
AAA,2014J,100407,5813,114,6
AAA,2014J,100407,5813,219,4
AAA,2014J,100407,5813,191,5
AAA,2014J,100407,5813,73,5
AAA,2014J,100407,5813,123,8
AAA,2014J,100407,5813,211,6
BBB,2014J,100705,5814,170,5
BBB,2014J,100705,5814,159,10
BBB,2014J,100705,5814,228,6
BBB,2014J,100705,5814,207,5
BBB,2014J,100705,5814,48,8
BBB,2014J,100705,5814,80,3
BBB,2014J,100705,5814,66,12
BBB,2014J,100705,5814,81,3
BBB,2014J,100705,5814,25,11
BBB,2014J,100705,5814,146,4
BBB,2014J,100705,5814,31,4
BBB,2014J,100705,5814,165,9
AAA,2013J,100843,5815,155,4
AAA,2013J,100843,5815,206,1
AAA,2013J,100843,5815,168,1
AAA,2013J,100843,5815,76,1
AAA,2013J,100843,5815,146,2
AAA,2013J,100843,5815,100,2
BBB,2014J,100860,5816,201,1
BBB,2014J,100860,5816,171,1
BBB,2014J,100860,5816,10,1
BBB,2014J,100860,5816,149,3
BBB,2014J,100860,5816,5,2
BBB,2014J,100860,5816,16,3
BBB,2014J,100860,5816,20,6
BBB,2014J,100639,5817,15,3
BBB,2014J,100639,5817,162,3
BBB,2014J,100639,5817,233,3
BBB,2014J,100639,5817,200,4
BBB,2014J,100639,5817,15,5
BBB,2014J,100639,5817,225,3
BBB,2013J,100229,5818,125,7
BBB,2013J,100229,5818,27,2
BBB,2013J,100229,5818,143,5
BBB,2013J,100229,5818,147,7
BBB,2013J,100229,5818,44,6
BBB,2013J,100229,5818,14,3
BBB,2013J,100389,5819,174,5
BBB,2013J,100389,5819,231,3
BBB,2013J,100389,5819,13,8
BBB,2013J,100389,5819,65,4
BBB,2013J,100389,5819,157,3
BBB,2013J,100389,5819,4,4
BBB,2013J,100389,5819,100,8
BBB,2013J,100389,5819,142,6
BBB,2013J,100389,5819,6,6
BBB,2013J,100389,5819,28,7
BBB,2013J,100389,5819,153,5
BBB,2013J,100389,5819,113,6
BBB,2013J,100761,5820,38,10
BBB,2013J,100761,5820,89,6
BBB,2013J,100761,5820,163,4
BBB,2013J,100761,5820,34,5
BBB,2013J,100761,5820,229,6
BBB,2013J,100761,5820,77,7
BBB,2013J,100761,5820,93,8
BBB,2013J,100761,5820,145,7
BBB,2013J,100761,5820,174,4
BBB,2013J,100761,5820,82,11
BBB,2013J,100761,5820,13,6
BBB,2013J,100761,5820,124,7
BBB,2013J,100761,5820,81,8
BBB,2013J,100761,5820,56,3
BBB,2013J,100761,5820,109,5
BBB,2013J,100558,5821,185,2
BBB,2013J,100558,5821,41,5
BBB,2013J,100558,5821,95,4
BBB,2013J,100558,5821,76,5
BBB,2013J,100558,5821,26,2
BBB,2013J,100558,5821,152,1
CCC,2014J,100420,5822,2,1
CCC,2014J,100420,5822,6,1
CCC,2014J,100420,5822,22,1
CCC,2014J,100420,5822,180,6
CCC,2014J,100420,5822,137,2
CCC,2014J,100420,5822,168,1
CCC,2013J,100410,5823,214,6
CCC,2013J,100410,5823,23,6
CCC,2013J,100410,5823,150,6
CCC,2013J,100410,5823,165,8
CCC,2013J,100410,5823,21,10
CCC,2013J,100410,5823,131,3
CCC,2013J,100410,5823,98,10
CCC,2013J,100410,5823,105,6
CCC,2013J,100410,5823,77,9
CCC,2013J,100410,5823,12,2
CCC,2013J,100410,5823,120,11
CCC,2013J,100410,5823,3,13
CCC,2013J,100410,5823,100,11
CCC,2013J,100410,5823,99,8
CCC,2013J,100410,5823,145,11
CCC,2013J,100410,5823,144,15
CCC,2013J,100410,5823,181,5
CCC,2013J,100410,5823,210,6
BBB,2013J,100031,5824,144,6
BBB,2013J,100031,5824,202,7
BBB,2013J,100031,5824,83,2
BBB,2013J,100031,5824,170,8
BBB,2013J,100031,5824,29,4
BBB,2013J,100031,5824,218,6
BBB,2013J,100031,5824,25,5
BBB,2013J,100031,5824,153,5
BBB,2013J,100031,5824,34,7
BBB,2013J,100031,5824,225,5
BBB,2013J,100031,5824,205,8
BBB,2013J,100031,5824,153,7
AAA,2014J,100842,5825,156,12
AAA,2014J,100842,5825,150,8
AAA,2014J,100842,5825,86,3
AAA,2014J,100842,5825,125,3
AAA,2014J,100842,5825,98,5
AAA,2014J,100842,5825,17,11
AAA,2014J,100842,5825,91,9
AAA,2014J,100842,5825,13,5
AAA,2014J,100842,5825,211,6
AAA,2014J,100842,5825,139,9
AAA,2014J,100842,5825,143,10
AAA,2014J,100842,5825,140,9
AAA,2014J,100842,5825,88,9
AAA,2014J,100842,5825,185,7
AAA,2014J,100842,5825,97,6
AAA,2014J,100842,5825,183,10
BBB,2013J,100516,5826,136,6
BBB,2013J,100516,5826,144,6
BBB,2013J,100516,5826,142,4
BBB,2013J,100516,5826,84,8
BBB,2013J,100516,5826,96,2
BBB,2013J,100516,5826,178,6
AAA,2013J,100659,5827,95,11
AAA,2013J,100659,5827,92,3
AAA,2013J,100659,5827,174,4
AAA,2013J,100659,5827,158,6
AAA,2013J,100659,5827,34,3
AAA,2013J,100659,5827,99,8
AAA,2013J,100659,5827,142,8
AAA,2013J,100659,5827,95,12
AAA,2013J,100659,5827,15,5
AAA,2013J,100659,5827,29,1
AAA,2013J,100659,5827,234,3
AAA,2013J,100659,5827,123,6
AAA,2013J,100659,5827,33,5
AAA,2013J,100659,5827,237,10
AAA,2013J,100659,5827,225,6
CCC,2014J,100832,5828,205,2
CCC,2014J,100832,5828,198,6
CCC,2013J,100438,5829,218,5
CCC,2013J,100438,5829,176,5
CCC,2013J,100438,5829,122,3
CCC,2013J,100438,5829,161,7
BBB,2013J,100189,5830,174,3
BBB,2013J,100189,5830,185,3
BBB,2013J,100189,5830,132,4
BBB,2013J,100189,5830,221,4
BBB,2013J,100189,5830,28,5
BBB,2013J,100189,5830,67,4
BBB,2013J,100189,5830,174,5
BBB,2013J,100189,5830,213,5
BBB,2013J,100189,5830,56,3
BBB,2013J,100189,5830,173,3
BBB,2013J,100189,5830,99,3
BBB,2013J,100189,5830,208,5
BBB,2013J,100189,5830,90,3
BBB,2013J,100189,5830,228,2
AAA,2014J,100129,5831,56,7
AAA,2014J,100129,5831,196,1
AAA,2014J,100129,5831,122,3
AAA,2014J,100129,5831,194,4
AAA,2014J,100129,5831,119,7
AAA,2014J,100129,5831,160,5
AAA,2014J,100129,5831,95,4
AAA,2014J,100129,5831,51,5
AAA,2014J,100129,5831,25,1
AAA,2013J,100200,5832,234,5
AAA,2013J,100200,5832,42,3
AAA,2013J,100200,5832,187,1
AAA,2013J,100200,5832,119,1
AAA,2013J,100200,5832,33,1
AAA,2013J,100200,5832,156,2
AAA,2013J,100200,5832,131,5
AAA,2013J,100200,5832,23,2
AAA,2013J,100200,5832,36,1
CCC,2014J,100288,5833,154,7
CCC,2014J,100288,5833,86,2
CCC,2014J,100288,5833,128,6
CCC,2014J,100288,5833,0,2
CCC,2014J,100288,5833,18,5
BBB,2013J,100298,5834,15,5
BBB,2013J,100298,5834,235,1
BBB,2013J,100298,5834,199,5
BBB,2013J,100298,5834,69,2
AAA,2014J,100058,5835,143,6
AAA,2014J,100058,5835,88,3
AAA,2014J,100058,5835,29,2
AAA,2014J,100058,5835,66,4
AAA,2014J,100058,5835,117,6
AAA,2013J,100515,5836,5,6
AAA,2013J,100515,5836,81,10
AAA,2013J,100515,5836,15,11
AAA,2013J,100515,5836,47,10
AAA,2013J,100515,5836,164,3
AAA,2013J,100515,5836,75,10
AAA,2013J,100515,5836,36,3
AAA,2013J,100515,5836,145,12
AAA,2013J,100515,5836,8,12
AAA,2014J,100655,5837,73,6
AAA,2014J,100655,5837,69,10
AAA,2014J,100655,5837,28,5
AAA,2014J,100655,5837,187,4
AAA,2014J,100655,5837,113,7
AAA,2014J,100655,5837,22,5
AAA,2014J,100655,5837,61,5
AAA,2014J,100655,5837,155,6
AAA,2014J,100655,5837,175,13
AAA,2014J,100655,5837,169,4
AAA,2014J,100655,5837,226,7
AAA,2014J,100655,5837,210,3
AAA,2014J,100655,5837,90,10
AAA,2014J,100655,5837,94,8
AAA,2014J,100655,5837,56,5
AAA,2014J,100655,5837,181,5
AAA,2014J,100655,5837,174,6
AAA,2014J,100655,5837,135,6
CCC,2013J,100606,5838,197,3
CCC,2013J,100606,5838,15,2
CCC,2013J,100606,5838,87,5
CCC,2013J,100606,5838,209,3
CCC,2013J,100606,5838,184,4
CCC,2013J,100606,5838,78,4
CCC,2013J,100606,5838,139,5
CCC,2013J,100606,5838,191,4
CCC,2013J,100606,5838,95,5
CCC,2013J,100606,5838,185,5
CCC,2013J,100606,5838,201,1
AAA,2013J,100122,5839,162,6
AAA,2013J,100122,5839,112,4
AAA,2013J,100122,5839,71,2
AAA,2013J,100122,5839,81,5
AAA,2013J,100122,5839,28,5
AAA,2013J,100122,5839,40,8
AAA,2013J,100122,5839,84,4
AAA,2013J,100122,5839,26,2
AAA,2013J,100122,5839,152,4
AAA,2013J,100122,5839,134,2
AAA,2013J,100122,5839,235,5
AAA,2013J,100122,5839,218,1
CCC,2014J,100407,5840,178,1
CCC,2014J,100407,5840,53,5
CCC,2014J,100407,5840,115,7
CCC,2014J,100407,5840,31,5
CCC,2014J,100407,5840,79,1
CCC,2014J,100407,5840,229,4
CCC,2014J,100407,5840,65,7
CCC,2014J,100407,5840,70,4
CCC,2014J,100407,5840,29,8
CCC,2014J,100407,5840,215,6
CCC,2014J,100407,5840,52,8
AAA,2013J,100052,5841,239,5
AAA,2013J,100052,5841,19,8
AAA,2013J,100052,5841,141,9
AAA,2013J,100052,5841,200,6
AAA,2013J,100052,5841,38,8
AAA,2013J,100052,5841,161,4
AAA,2013J,100052,5841,179,6
AAA,2013J,100052,5841,181,1
AAA,2013J,100052,5841,52,6
AAA,2013J,100052,5841,158,5
AAA,2013J,100052,5841,134,4
AAA,2013J,100052,5841,100,6
AAA,2013J,100052,5841,117,8
AAA,2013J,100052,5841,231,7
AAA,2013J,100052,5841,8,1
AAA,2013J,100052,5841,149,2
AAA,2013J,100052,5841,136,6
AAA,2013J,100052,5841,126,9
AAA,2013J,100052,5841,212,2
